dest_ip,dest_port,metadata_type,metadata_country
103.231.239.137,58080,HTTP/HTTPS,Bangladesh
103.72.137.209,8080,HTTP/HTTPS,Bangladesh - Dhaka
103.19.130.50,8080,HTTP/HTTPS,Bangladesh
119.18.147.179,96,HTTP/HTTPS,Bangladesh
103.204.82.34,3212,HTTP/HTTPS,Bangladesh
27.147.131.122,8090,HTTP/HTTPS,Bangladesh - Dhaka
182.160.110.154,9898,HTTP/HTTPS,Bangladesh - Dhaka
103.161.69.252,2698,HTTP/HTTPS,Bangladesh - Chittagong
103.17.150.37,8080,HTTP/HTTPS,Bangladesh
103.231.177.120,5020,HTTP/HTTPS,Bangladesh
103.234.27.194,8080,HTTP/HTTPS,Bangladesh
103.171.232.96,8080,HTTP/HTTPS,Bangladesh
103.111.225.106,8080,HTTP/HTTPS,Bangladesh - Chittagong
103.141.70.18,8080,HTTP/HTTPS,Bangladesh
103.185.250.142,1452,HTTP/HTTPS,Bangladesh
43.231.78.205,8080,HTTP/HTTPS,Bangladesh
182.48.66.154,8080,HTTP/HTTPS,Bangladesh - Dhaka
103.148.217.247,8080,HTTP/HTTPS,Bangladesh
103.15.140.177,44759,HTTP/HTTPS,Bangladesh
103.163.236.142,8081,HTTP/HTTPS,Bangladesh
103.92.218.121,9514,HTTP/HTTPS,Bangladesh
103.168.207.40,8080,HTTP/HTTPS,Bangladesh
180.211.161.110,8080,HTTP/HTTPS,Bangladesh
103.142.69.169,8885,HTTP/HTTPS,Bangladesh
182.160.124.174,9669,HTTP/HTTPS,Bangladesh - Dhaka
114.31.15.190,2024,HTTP/HTTPS,Bangladesh
114.130.153.122,58080,HTTP/HTTPS,Bangladesh - Dhaka
103.157.135.199,443,HTTP/HTTPS,Bangladesh
103.54.43.131,8080,HTTP/HTTPS,Bangladesh
115.127.31.66,8080,HTTP/HTTPS,Bangladesh - Dhaka
115.127.81.142,58080,HTTP/HTTPS,Bangladesh - Dhaka
177.125.208.1,8080,HTTP/HTTPS,Brazil - Campo Mourão
201.23.119.74,3128,HTTP/HTTPS,Brazil - São Paulo
179.48.11.6,8085,HTTP/HTTPS,Brazil - Campo Maior
179.228.241.22,8080,HTTP/HTTPS,Brazil - São Paulo
187.72.215.33,3128,HTTP/HTTPS,Brazil - Rio de Janeiro
189.50.45.46,1995,HTTP/HTTPS,Brazil - Vila Propício
186.216.208.98,3128,HTTP/HTTPS,Brazil - Brasília
186.26.92.18,58339,HTTP/HTTPS,Brazil - São João de Meriti
138.204.95.166,8080,HTTP/HTTPS,Brazil - Francisco Morato
45.236.112.9,60399,HTTP/HTTPS,Brazil - Salvador
200.201.134.184,8787,HTTP/HTTPS,Brazil - São Paulo
191.37.33.38,42999,HTTP/HTTPS,Brazil - Ipaussu
177.130.104.106,33333,HTTP/HTTPS,Brazil - Presidente Epitácio
200.34.227.28,8080,HTTP/HTTPS,Brazil - Porto Alegre
45.229.9.146,8402,HTTP/HTTPS,Brazil - Rondonópolis
191.36.128.62,8080,HTTP/HTTPS,Brazil - São Paulo
177.139.174.81,8080,HTTP/HTTPS,Brazil - São Paulo
138.59.151.162,8080,HTTP/HTTPS,Brazil - São Paulo
179.185.75.94,8080,HTTP/HTTPS,Brazil - Brasília
143.208.84.2,8589,HTTP/HTTPS,Brazil - Ubiratã
186.0.144.81,9797,HTTP/HTTPS,Brazil - Araçatuba
201.157.235.197,8080,HTTP/HTTPS,Brazil - Lauro de Freitas
177.128.212.190,8080,HTTP/HTTPS,Brazil - Salvador
200.227.89.50,3128,HTTP/HTTPS,Brazil
45.175.59.2,61950,HTTP/HTTPS,Brazil - Fortaleza
168.138.147.179,3128,HTTP/HTTPS,Brazil - São Paulo
187.19.200.217,8090,HTTP/HTTPS,Brazil - Icó
186.250.202.104,8080,HTTP/HTTPS,Brazil - Itajubá
138.186.187.194,8080,HTTP/HTTPS,Brazil - Itaquaquecetuba
187.62.191.3,61456,HTTP/HTTPS,Brazil - Bariri
201.182.204.18,9999,HTTP/HTTPS,Brazil - Candeias
45.4.58.223,8080,HTTP/HTTPS,Brazil - Recife
45.227.195.121,8082,HTTP/HTTPS,Brazil - Concórdia
177.184.195.168,8080,HTTP/HTTPS,Brazil - Brasília
143.0.203.173,8080,HTTP/HTTPS,Brazil - Neves Paulista
200.95.184.58,999,HTTP/HTTPS,Chile - Chillán
179.49.237.12,999,HTTP/HTTPS,Chile - Pirque
45.230.39.154,999,HTTP/HTTPS,Chile - María Pinto
190.121.4.157,999,HTTP/HTTPS,Chile - Temuco
45.238.20.211,999,HTTP/HTTPS,Chile - Quillota
200.111.104.59,3129,HTTP/HTTPS,Chile - Santiago
45.225.205.5,999,HTTP/HTTPS,Chile - Las Cabras
179.61.98.3,999,HTTP/HTTPS,Chile - Talca
38.7.223.128,999,HTTP/HTTPS,Chile - Santiago
45.230.39.125,999,HTTP/HTTPS,Chile - María Pinto
45.4.0.12,999,HTTP/HTTPS,Chile - Santiago
179.61.110.253,999,HTTP/HTTPS,Chile - Molina
190.153.237.6,37453,HTTP/HTTPS,Chile - Santiago
170.245.50.65,8080,HTTP/HTTPS,Chile - Santiago
220.197.44.36,3128,HTTP/HTTPS,China - Guiyang
120.92.212.16,7890,HTTP/HTTPS,China
47.109.83.196,9080,HTTP/HTTPS,China - Chengdu
39.102.209.121,9080,HTTP/HTTPS,China - Beijing
114.215.127.92,8080,HTTP/HTTPS,China - Qingdao
47.108.159.113,8443,HTTP/HTTPS,China - Chengdu
121.43.109.88,1111,HTTP/HTTPS,China - Hangzhou
106.14.91.83,8008,HTTP/HTTPS,China - Shanghai
183.162.197.197,8060,HTTP/HTTPS,China
47.92.152.43,12000,HTTP/HTTPS,China - Beijing
39.102.209.128,8080,HTTP/HTTPS,China - Beijing
39.102.214.192,3128,HTTP/HTTPS,China - Beijing
47.92.143.92,8888,HTTP/HTTPS,China - Beijing
106.14.91.83,4000,HTTP/HTTPS,China - Shanghai
8.148.23.202,8081,HTTP/HTTPS,China - Hangzhou
121.43.154.123,20000,HTTP/HTTPS,China - Hangzhou
114.215.127.92,9080,HTTP/HTTPS,China - Qingdao
106.14.104.220,5005,HTTP/HTTPS,China - Shanghai
114.215.127.92,9100,HTTP/HTTPS,China - Qingdao
47.99.112.148,3128,HTTP/HTTPS,China - Hangzhou
39.102.210.222,57114,HTTP/HTTPS,China - Beijing
8.148.20.126,9098,HTTP/HTTPS,China - Hangzhou
8.148.23.165,8080,HTTP/HTTPS,China - Hangzhou
39.104.16.201,8080,HTTP/HTTPS,China - Beijing
8.148.4.166,8443,HTTP/HTTPS,China - Hangzhou
8.137.62.53,8008,HTTP/HTTPS,China - Chengdu
8.130.74.114,80,HTTP/HTTPS,China - Beijing
8.148.22.214,80,HTTP/HTTPS,China - Hangzhou
47.119.22.156,9098,HTTP/HTTPS,China - Shenzhen
8.148.22.214,9098,HTTP/HTTPS,China - Hangzhou
47.104.27.165,3128,HTTP/HTTPS,China - Qingdao
8.137.38.48,9080,HTTP/HTTPS,China - Chengdu
8.148.24.225,9080,HTTP/HTTPS,China - Hangzhou
8.130.90.177,8081,HTTP/HTTPS,China - Beijing
8.137.38.48,8080,HTTP/HTTPS,China - Chengdu
177.93.48.139,999,HTTP/HTTPS,Colombia - Bogotá
186.97.200.214,999,HTTP/HTTPS,Colombia - Medellín
161.18.226.135,8080,HTTP/HTTPS,Colombia - Medellín
181.129.183.19,53281,HTTP/HTTPS,Colombia - Bucaramanga
131.100.49.109,999,HTTP/HTTPS,Colombia - Florencia
177.93.59.71,999,HTTP/HTTPS,Colombia - Quibdó
45.65.138.48,999,HTTP/HTTPS,Colombia - Cúcuta
181.143.42.138,8080,HTTP/HTTPS,Colombia - Medellín
190.26.255.30,999,HTTP/HTTPS,Colombia - Kennedy
181.78.17.131,999,HTTP/HTTPS,Colombia - Andalucía
38.191.42.201,999,HTTP/HTTPS,Colombia - Cúcuta
179.1.113.129,999,HTTP/HTTPS,Colombia - Popayán
190.2.210.115,999,HTTP/HTTPS,Colombia - Medellín
138.117.84.194,8080,HTTP/HTTPS,Colombia - Medellín
190.2.209.59,999,HTTP/HTTPS,Colombia - Medellín
181.204.190.234,999,HTTP/HTTPS,Colombia - Santiago de Cali
177.93.49.202,999,HTTP/HTTPS,Colombia - Bogotá
131.221.42.1,4040,HTTP/HTTPS,Colombia - Yopal
190.109.6.114,999,HTTP/HTTPS,Colombia
181.49.100.190,8080,HTTP/HTTPS,Colombia - Bogotá
186.97.200.21,999,HTTP/HTTPS,Colombia - Medellín
177.93.48.137,999,HTTP/HTTPS,Colombia - Bogotá
190.144.238.66,8080,HTTP/HTTPS,Colombia - Medellín
186.148.183.201,999,HTTP/HTTPS,Colombia - Bogotá
179.1.128.57,999,HTTP/HTTPS,Colombia - Ocaña
131.100.51.145,999,HTTP/HTTPS,Colombia - Florencia
190.109.6.113,999,HTTP/HTTPS,Colombia
179.1.131.129,8080,HTTP/HTTPS,Colombia
177.93.39.75,999,HTTP/HTTPS,Colombia
190.2.209.58,999,HTTP/HTTPS,Colombia - Medellín
186.180.66.138,8080,HTTP/HTTPS,Colombia - Cúcuta
201.222.40.218,8080,HTTP/HTTPS,Colombia - Ciénaga
131.221.42.17,4040,HTTP/HTTPS,Colombia - Yopal
62.133.62.231,1082,HTTP/HTTPS,France - Paris
173.249.50.95,3128,HTTP/HTTPS,France - Lauterbourg
51.178.253.98,80,HTTP/HTTPS,France
51.195.115.21,8080,HTTP/HTTPS,France
38.242.212.16,3128,HTTP/HTTPS,France - Lauterbourg
173.212.245.136,8888,HTTP/HTTPS,France - Lauterbourg
173.212.246.157,3128,HTTP/HTTPS,France - Lauterbourg
37.187.109.70,10111,HTTP/HTTPS,France
5.250.181.197,3128,HTTP/HTTPS,France
91.172.54.203,80,HTTP/HTTPS,France - Saint-Julien-en-Genevois
202.133.88.173,80,HTTP/HTTPS,France - Paris
92.205.186.129,1080,HTTP/HTTPS,France - Strasbourg
212.47.232.28,80,HTTP/HTTPS,France - Paris
94.23.19.184,2912,HTTP/HTTPS,France
47.91.89.3,9080,HTTP/HTTPS,Germany - Frankfurt am Main
47.91.89.3,8081,HTTP/HTTPS,Germany - Frankfurt am Main
47.91.89.3,5060,HTTP/HTTPS,Germany - Frankfurt am Main
8.211.42.167,6379,HTTP/HTTPS,Germany - Frankfurt am Main
194.58.33.7,3128,HTTP/HTTPS,Germany - Frankfurt am Main
47.91.65.23,3128,HTTP/HTTPS,Germany - Frankfurt am Main
8.211.49.86,161,HTTP/HTTPS,Germany - Frankfurt am Main
8.211.42.167,5060,HTTP/HTTPS,Germany - Frankfurt am Main
8.211.42.167,41890,HTTP/HTTPS,Germany - Frankfurt am Main
8.209.96.245,9080,HTTP/HTTPS,Germany - Frankfurt am Main
8.209.96.245,4153,HTTP/HTTPS,Germany - Frankfurt am Main
8.211.49.86,50070,HTTP/HTTPS,Germany - Frankfurt am Main
8.209.96.245,4002,HTTP/HTTPS,Germany - Frankfurt am Main
8.211.49.86,808,HTTP/HTTPS,Germany - Frankfurt am Main
8.211.51.115,8080,HTTP/HTTPS,Germany - Frankfurt am Main
47.91.89.3,9098,HTTP/HTTPS,Germany - Frankfurt am Main
47.91.89.3,176,HTTP/HTTPS,Germany - Frankfurt am Main
8.211.51.115,4002,HTTP/HTTPS,Germany - Frankfurt am Main
8.211.51.115,9050,HTTP/HTTPS,Germany - Frankfurt am Main
85.214.204.79,80,HTTP/HTTPS,Germany
8.211.51.115,4022,HTTP/HTTPS,Germany - Frankfurt am Main
8.211.51.115,31433,HTTP/HTTPS,Germany - Frankfurt am Main
8.211.51.115,1900,HTTP/HTTPS,Germany - Frankfurt am Main
8.211.49.86,8080,HTTP/HTTPS,Germany - Frankfurt am Main
128.140.113.110,1080,HTTP/HTTPS,Germany - Falkenstein
158.101.175.124,5566,HTTP/HTTPS,Germany - Frankfurt am Main
47.91.89.3,8040,HTTP/HTTPS,Germany - Frankfurt am Main
8.211.51.115,1081,HTTP/HTTPS,Germany - Frankfurt am Main
8.211.51.115,10000,HTTP/HTTPS,Germany - Frankfurt am Main
8.211.42.167,544,HTTP/HTTPS,Germany - Frankfurt am Main
8.211.51.115,5060,HTTP/HTTPS,Germany - Frankfurt am Main
45.155.102.216,3128,HTTP/HTTPS,Germany - Frankfurt am Main
85.214.107.177,80,HTTP/HTTPS,Germany
8.209.96.245,1234,HTTP/HTTPS,Germany - Frankfurt am Main
8.209.96.245,3129,HTTP/HTTPS,Germany - Frankfurt am Main
152.32.132.190,7890,HTTP/HTTPS,Hong Kong - Hong Kong
47.238.60.156,9098,HTTP/HTTPS,Hong Kong - Hong Kong
47.238.60.156,2526,HTTP/HTTPS,Hong Kong - Hong Kong
45.15.10.174,3128,HTTP/HTTPS,Hong Kong
47.76.144.139,4145,HTTP/HTTPS,Hong Kong - Hong Kong
47.238.130.212,8081,HTTP/HTTPS,Hong Kong - Hong Kong
47.238.130.212,3128,HTTP/HTTPS,Hong Kong - Hong Kong
8.210.17.35,9443,HTTP/HTTPS,Hong Kong - Hong Kong
8.210.17.35,8003,HTTP/HTTPS,Hong Kong - Hong Kong
47.76.144.139,5060,HTTP/HTTPS,Hong Kong - Hong Kong
47.238.134.126,51,HTTP/HTTPS,Hong Kong - Hong Kong
47.238.134.126,3128,HTTP/HTTPS,Hong Kong - Hong Kong
47.238.128.246,18080,HTTP/HTTPS,Hong Kong - Hong Kong
47.238.130.212,20,HTTP/HTTPS,Hong Kong - Hong Kong
47.238.128.246,202,HTTP/HTTPS,Hong Kong - Hong Kong
47.238.128.246,41,HTTP/HTTPS,Hong Kong - Hong Kong
8.210.17.35,4002,HTTP/HTTPS,Hong Kong - Hong Kong
47.76.144.139,4002,HTTP/HTTPS,Hong Kong - Hong Kong
218.252.100.222,80,HTTP/HTTPS,Hong Kong
47.238.60.156,100,HTTP/HTTPS,Hong Kong - Hong Kong
47.238.128.246,100,HTTP/HTTPS,Hong Kong - Hong Kong
47.238.128.246,9080,HTTP/HTTPS,Hong Kong - Hong Kong
47.238.130.212,9080,HTTP/HTTPS,Hong Kong - Hong Kong
47.238.128.246,6379,HTTP/HTTPS,Hong Kong - Hong Kong
47.76.144.139,4006,HTTP/HTTPS,Hong Kong - Hong Kong
8.210.17.35,8002,HTTP/HTTPS,Hong Kong - Hong Kong
8.210.17.35,59394,HTTP/HTTPS,Hong Kong - Hong Kong
47.76.144.139,3129,HTTP/HTTPS,Hong Kong - Hong Kong
47.238.134.126,8080,HTTP/HTTPS,Hong Kong - Hong Kong
47.76.144.139,11,HTTP/HTTPS,Hong Kong - Hong Kong
8.210.17.35,8004,HTTP/HTTPS,Hong Kong - Hong Kong
47.238.128.246,8081,HTTP/HTTPS,Hong Kong - Hong Kong
47.238.130.212,80,HTTP/HTTPS,Hong Kong - Hong Kong
47.238.134.126,999,HTTP/HTTPS,Hong Kong - Hong Kong
47.238.134.126,808,HTTP/HTTPS,Hong Kong - Hong Kong
103.169.53.145,8080,HTTP/HTTPS,India - Aizawl
203.192.217.6,8080,HTTP/HTTPS,India - Mumbai
103.48.71.126,83,HTTP/HTTPS,India
103.130.70.253,83,HTTP/HTTPS,India
103.48.68.6,83,HTTP/HTTPS,India - Hyderabad
103.48.68.220,83,HTTP/HTTPS,India
103.178.176.14,8080,HTTP/HTTPS,India - Noida
103.48.69.170,83,HTTP/HTTPS,India
103.136.82.252,83,HTTP/HTTPS,India - Ranchi
103.112.212.57,83,HTTP/HTTPS,India - Bijapur
202.62.84.21,53281,HTTP/HTTPS,India
103.48.68.67,83,HTTP/HTTPS,India
103.48.68.6,82,HTTP/HTTPS,India
139.59.59.122,8118,HTTP/HTTPS,India - Bengaluru
202.179.69.216,58080,HTTP/HTTPS,India - Pune
43.242.104.36,8111,HTTP/HTTPS,India
103.48.68.171,83,HTTP/HTTPS,India
103.181.92.250,83,HTTP/HTTPS,India
103.138.185.81,83,HTTP/HTTPS,India
182.78.42.112,83,HTTP/HTTPS,India
103.102.85.1,8080,HTTP/HTTPS,India
45.127.56.194,83,HTTP/HTTPS,India - Hyderabad
103.41.33.169,58080,HTTP/HTTPS,India - Mumbai
27.34.242.98,80,HTTP/HTTPS,India - Bengaluru
103.48.69.54,82,HTTP/HTTPS,India
103.149.194.11,32650,HTTP/HTTPS,India
103.48.69.33,83,HTTP/HTTPS,India
103.48.70.161,83,HTTP/HTTPS,India
103.48.71.2,83,HTTP/HTTPS,India
103.48.71.34,83,HTTP/HTTPS,India
103.130.107.193,84,HTTP/HTTPS,India - Kola
111.125.242.34,1111,HTTP/HTTPS,India
103.143.8.126,8089,HTTP/HTTPS,India
103.48.69.57,83,HTTP/HTTPS,India
103.122.60.213,8080,HTTP/HTTPS,India
103.188.252.65,1234,HTTP/HTTPS,Indonesia
157.10.97.185,8080,HTTP/HTTPS,Indonesia - Palembang
103.156.15.122,8087,HTTP/HTTPS,Indonesia
103.161.131.110,8080,HTTP/HTTPS,Indonesia
103.11.99.126,8080,HTTP/HTTPS,Indonesia
103.189.116.20,8080,HTTP/HTTPS,Indonesia
45.198.32.207,8080,HTTP/HTTPS,Indonesia
103.166.254.220,3124,HTTP/HTTPS,Indonesia - Pekanbaru
103.46.11.92,8080,HTTP/HTTPS,Indonesia
14.102.154.205,8080,HTTP/HTTPS,Indonesia
203.175.127.240,8080,HTTP/HTTPS,Indonesia - Pasuruan
103.167.23.138,8080,HTTP/HTTPS,Indonesia
103.238.232.202,8080,HTTP/HTTPS,Indonesia
103.169.225.37,8080,HTTP/HTTPS,Indonesia
114.129.19.139,8080,HTTP/HTTPS,Indonesia
117.102.86.148,8080,HTTP/HTTPS,Indonesia - Bekasi
103.191.196.205,1111,HTTP/HTTPS,Indonesia - Indramayu
103.121.199.138,62797,HTTP/HTTPS,Indonesia
202.146.230.102,8080,HTTP/HTTPS,Indonesia - Bandung
8.215.15.163,4145,HTTP/HTTPS,Indonesia - Jakarta
149.129.255.179,51,HTTP/HTTPS,Indonesia - Jakarta
8.215.3.250,80,HTTP/HTTPS,Indonesia - Jakarta
149.129.226.9,9160,HTTP/HTTPS,Indonesia - Jakarta
8.215.12.103,8007,HTTP/HTTPS,Indonesia - Jakarta
8.215.12.103,8006,HTTP/HTTPS,Indonesia - Jakarta
8.215.12.103,8888,HTTP/HTTPS,Indonesia - Jakarta
149.129.255.179,1081,HTTP/HTTPS,Indonesia - Jakarta
149.129.226.9,1080,HTTP/HTTPS,Indonesia - Jakarta
8.215.15.163,51,HTTP/HTTPS,Indonesia - Jakarta
8.215.3.25,41,HTTP/HTTPS,Indonesia - Jakarta
8.215.3.250,199,HTTP/HTTPS,Indonesia - Jakarta
8.215.15.163,50,HTTP/HTTPS,Indonesia - Jakarta
149.129.226.9,20,HTTP/HTTPS,Indonesia - Jakarta
149.129.255.179,9050,HTTP/HTTPS,Indonesia - Jakarta
8.215.15.163,9080,HTTP/HTTPS,Indonesia - Jakarta
47.74.46.81,37777,HTTP/HTTPS,Japan - Tokyo
47.74.46.81,3128,HTTP/HTTPS,Japan - Tokyo
8.221.139.222,8080,HTTP/HTTPS,Japan - Tokyo
8.221.138.111,8443,HTTP/HTTPS,Japan - Tokyo
8.221.138.111,80,HTTP/HTTPS,Japan - Tokyo
168.138.202.218,3128,HTTP/HTTPS,Japan - Inzai
8.221.139.222,31433,HTTP/HTTPS,Japan - Tokyo
8.221.141.88,9080,HTTP/HTTPS,Japan - Tokyo
8.221.138.111,18080,HTTP/HTTPS,Japan - Tokyo
47.91.29.151,81,HTTP/HTTPS,Japan - Tokyo
47.91.29.151,33427,HTTP/HTTPS,Japan - Tokyo
8.221.141.88,3129,HTTP/HTTPS,Japan - Tokyo
47.91.29.151,41,HTTP/HTTPS,Japan - Tokyo
8.221.139.222,199,HTTP/HTTPS,Japan - Tokyo
8.221.141.88,144,HTTP/HTTPS,Japan - Tokyo
47.74.46.81,8047,HTTP/HTTPS,Japan - Tokyo
133.232.90.156,80,HTTP/HTTPS,Japan
8.221.139.222,8443,HTTP/HTTPS,Japan - Tokyo
47.91.29.151,9080,HTTP/HTTPS,Japan - Tokyo
47.91.29.151,80,HTTP/HTTPS,Japan - Tokyo
8.221.141.88,8083,HTTP/HTTPS,Japan - Tokyo
8.221.141.88,3389,HTTP/HTTPS,Japan - Tokyo
47.91.29.151,8080,HTTP/HTTPS,Japan - Tokyo
8.221.138.111,8080,HTTP/HTTPS,Japan - Tokyo
8.221.141.88,8003,HTTP/HTTPS,Japan - Tokyo
43.167.187.107,3128,HTTP/HTTPS,Japan - Tokyo
43.167.245.99,3128,HTTP/HTTPS,Japan - Tokyo
43.167.213.156,3128,HTTP/HTTPS,Japan - Tokyo
43.133.169.167,3128,HTTP/HTTPS,Japan - Tokyo
43.133.15.47,3128,HTTP/HTTPS,Japan - Tokyo
43.167.214.133,3128,HTTP/HTTPS,Japan - Tokyo
43.133.187.166,3128,HTTP/HTTPS,Japan - Tokyo
43.167.199.44,3128,HTTP/HTTPS,Japan - Tokyo
43.133.1.198,3128,HTTP/HTTPS,Japan - Tokyo
43.153.182.147,3128,HTTP/HTTPS,Japan - Tokyo
41.217.220.214,32650,HTTP/HTTPS,Kenya
102.0.16.226,8080,HTTP/HTTPS,Kenya - Nairobi
102.0.18.198,8080,HTTP/HTTPS,Kenya - Nairobi
102.204.14.2,8080,HTTP/HTTPS,Kenya - Nairobi
102.0.30.88,8080,HTTP/HTTPS,Kenya
197.232.158.189,41890,HTTP/HTTPS,Kenya - Nairobi
102.0.25.184,8080,HTTP/HTTPS,Kenya - Nairobi
109.236.88.82,80,HTTP/HTTPS,Netherlands - Naaldwijk
64.188.77.26,3128,HTTP/HTTPS,Netherlands - Amsterdam
178.128.243.121,3128,HTTP/HTTPS,Netherlands - Amsterdam
77.163.47.213,3128,HTTP/HTTPS,Netherlands - Amsterdam
178.62.184.67,3128,HTTP/HTTPS,Netherlands - Amsterdam
194.26.192.168,8080,HTTP/HTTPS,Netherlands - Lelystad
185.200.176.134,8080,HTTP/HTTPS,Netherlands - Amsterdam
151.248.19.97,8080,HTTP/HTTPS,Netherlands - Leersum
164.92.148.68,3128,HTTP/HTTPS,Netherlands - Amsterdam
79.110.200.27,8000,HTTP/HTTPS,Poland - Wroclaw
80.51.61.1,8080,HTTP/HTTPS,Poland - Poniatowa
91.150.189.122,30389,HTTP/HTTPS,Poland - Rzeszów
178.212.144.7,80,HTTP/HTTPS,Poland - Sokółka
185.32.6.131,8070,HTTP/HTTPS,Poland
178.217.32.124,8080,HTTP/HTTPS,Poland
202.49.176.24,2080,HTTP/HTTPS,Russia - Moscow
89.237.33.129,37647,HTTP/HTTPS,Russia
89.188.242.243,80,HTTP/HTTPS,Russia
92.62.149.82,8080,HTTP/HTTPS,Russia - Orenburg
89.111.153.21,3128,HTTP/HTTPS,Russia - Moscow
31.10.83.158,8080,HTTP/HTTPS,Russia - Ramenskoye
93.171.157.249,8080,HTTP/HTTPS,Russia
109.95.220.45,8080,HTTP/HTTPS,Russia
185.103.134.4,8080,HTTP/HTTPS,Russia
46.229.187.39,80,HTTP/HTTPS,Russia - Yaroslavl
93.177.126.79,8088,HTTP/HTTPS,Russia
185.103.134.36,8080,HTTP/HTTPS,Russia
81.23.102.61,8080,HTTP/HTTPS,Russia
5.128.120.101,8181,HTTP/HTTPS,Russia - Novosibirsk
130.49.218.108,1080,HTTP/HTTPS,Russia
31.28.4.192,80,HTTP/HTTPS,Russia
93.91.112.247,41258,HTTP/HTTPS,Russia
5.129.217.87,3128,HTTP/HTTPS,Russia
185.184.54.90,3128,HTTP/HTTPS,Russia - St Petersburg
109.207.93.2,8080,HTTP/HTTPS,Russia - Ivanteyevka
46.161.4.163,3128,HTTP/HTTPS,Russia - St Petersburg
178.72.89.106,8080,HTTP/HTTPS,Russia
95.181.83.3,3128,HTTP/HTTPS,Russia - Kemerovo
176.100.216.164,8282,HTTP/HTTPS,Russia
77.50.183.34,8080,HTTP/HTTPS,Russia - Moscow
195.9.238.36,8080,HTTP/HTTPS,Russia - Moscow
195.9.238.34,8080,HTTP/HTTPS,Russia - Moscow
83.239.34.82,8080,HTTP/HTTPS,Russia - Krasnodar
94.247.244.120,3128,HTTP/HTTPS,Russia - St Petersburg
185.200.188.234,10001,HTTP/HTTPS,Russia - Moscow
89.111.181.247,1080,HTTP/HTTPS,Russia - Moscow
31.132.151.158,8080,HTTP/HTTPS,Russia - Bryansk
193.122.96.242,3128,HTTP/HTTPS,South Korea - Seoul
219.249.37.107,80,HTTP/HTTPS,South Korea - Changwon
8.220.204.92,90,HTTP/HTTPS,South Korea - Seoul
8.220.205.172,8008,HTTP/HTTPS,South Korea - Seoul
8.220.205.172,3128,HTTP/HTTPS,South Korea - Seoul
8.213.156.191,138,HTTP/HTTPS,South Korea - Seoul
8.213.134.213,6666,HTTP/HTTPS,South Korea - Seoul
8.213.134.213,55443,HTTP/HTTPS,South Korea - Seoul
8.220.204.92,5060,HTTP/HTTPS,South Korea - Seoul
8.213.134.213,8080,HTTP/HTTPS,South Korea - Seoul
8.213.156.191,9098,HTTP/HTTPS,South Korea - Seoul
8.213.156.191,1080,HTTP/HTTPS,South Korea - Seoul
8.220.204.215,18080,HTTP/HTTPS,South Korea - Seoul
8.220.204.215,80,HTTP/HTTPS,South Korea - Seoul
8.220.204.215,8081,HTTP/HTTPS,South Korea - Seoul
8.220.204.92,1080,HTTP/HTTPS,South Korea - Seoul
8.213.128.6,8081,HTTP/HTTPS,South Korea - Seoul
8.213.128.6,37,HTTP/HTTPS,South Korea - Seoul
8.213.128.6,87,HTTP/HTTPS,South Korea - Seoul
220.116.142.217,80,HTTP/HTTPS,South Korea - Nowon-gu
125.136.46.100,80,HTTP/HTTPS,South Korea - Nam-gu
8.220.205.172,9098,HTTP/HTTPS,South Korea - Seoul
8.220.204.92,1088,HTTP/HTTPS,South Korea - Seoul
8.213.156.191,1081,HTTP/HTTPS,South Korea - Seoul
8.220.204.92,1081,HTTP/HTTPS,South Korea - Seoul
8.213.128.6,50,HTTP/HTTPS,South Korea - Seoul
8.213.156.191,80,HTTP/HTTPS,South Korea - Seoul
8.220.204.215,8008,HTTP/HTTPS,South Korea - Seoul
8.213.128.6,9991,HTTP/HTTPS,South Korea - Seoul
8.213.128.6,8001,HTTP/HTTPS,South Korea - Seoul
146.56.182.165,3128,HTTP/HTTPS,South Korea - Seoul
8.213.128.6,1080,HTTP/HTTPS,South Korea - Seoul
8.213.128.6,7777,HTTP/HTTPS,South Korea - Seoul
8.213.128.6,6969,HTTP/HTTPS,South Korea - Seoul
8.220.204.92,443,HTTP/HTTPS,South Korea - Seoul
220.128.223.136,8081,HTTP/HTTPS,Taiwan - New Taipei City
220.128.223.136,8082,HTTP/HTTPS,Taiwan - New Taipei City
122.116.125.115,8888,HTTP/HTTPS,Taiwan - Taipei
61.216.156.222,60808,HTTP/HTTPS,Taiwan - New Taipei City
183.88.212.184,8080,HTTP/HTTPS,Thailand
8.213.222.247,8081,HTTP/HTTPS,Thailand - Bangkok
8.213.222.247,3333,HTTP/HTTPS,Thailand - Bangkok
8.213.222.247,8080,HTTP/HTTPS,Thailand - Bangkok
8.213.195.191,90,HTTP/HTTPS,Thailand - Bangkok
8.213.215.187,8080,HTTP/HTTPS,Thailand - Bangkok
8.213.195.191,4002,HTTP/HTTPS,Thailand - Bangkok
8.213.195.191,8095,HTTP/HTTPS,Thailand - Bangkok
8.213.197.208,8008,HTTP/HTTPS,Thailand - Bangkok
8.213.197.208,8080,HTTP/HTTPS,Thailand - Bangkok
8.213.197.208,31433,HTTP/HTTPS,Thailand - Bangkok
8.213.197.208,808,HTTP/HTTPS,Thailand - Bangkok
8.213.222.157,443,HTTP/HTTPS,Thailand - Bangkok
8.213.222.157,51,HTTP/HTTPS,Thailand - Bangkok
8.213.222.157,45,HTTP/HTTPS,Thailand - Bangkok
8.213.215.187,176,HTTP/HTTPS,Thailand - Bangkok
8.213.215.187,20002,HTTP/HTTPS,Thailand - Bangkok
96.30.79.84,8081,HTTP/HTTPS,Thailand - Bangkok
8.213.222.157,9999,HTTP/HTTPS,Thailand - Bangkok
8.213.222.157,3129,HTTP/HTTPS,Thailand - Bangkok
8.213.215.187,8081,HTTP/HTTPS,Thailand - Bangkok
8.213.197.208,1080,HTTP/HTTPS,Thailand - Bangkok
8.213.215.187,9098,HTTP/HTTPS,Thailand - Bangkok
8.213.222.157,100,HTTP/HTTPS,Thailand - Bangkok
203.146.80.102,8080,HTTP/HTTPS,Thailand
101.109.119.24,8080,HTTP/HTTPS,Thailand - Chon Buri
8.213.222.247,77,HTTP/HTTPS,Thailand - Bangkok
8.213.222.247,8008,HTTP/HTTPS,Thailand - Bangkok
8.213.197.208,8000,HTTP/HTTPS,Thailand - Bangkok
8.213.215.187,10000,HTTP/HTTPS,Thailand - Bangkok
8.213.215.187,1080,HTTP/HTTPS,Thailand - Bangkok
180.180.175.11,8080,HTTP/HTTPS,Thailand - Bangkok
8.213.222.157,4002,HTTP/HTTPS,Thailand - Bangkok
103.10.228.119,8080,HTTP/HTTPS,Thailand
8.213.222.157,8443,HTTP/HTTPS,Thailand - Bangkok
176.105.220.74,3129,HTTP/HTTPS,Ukraine - Kyiv
178.251.111.21,8080,HTTP/HTTPS,Ukraine - Kyiv
88.135.210.179,8080,HTTP/HTTPS,Ukraine - Ivano-Frankivsk
62.122.207.173,8080,HTTP/HTTPS,Ukraine - Ivano-Frankivsk
192.162.236.120,8080,HTTP/HTTPS,Ukraine - Khmilnyk
178.251.111.28,8080,HTTP/HTTPS,Ukraine - Chernihiv
176.98.80.71,8080,HTTP/HTTPS,Ukraine - Uman
176.111.37.5,39811,HTTP/HTTPS,Ukraine - Dobropol'ye
8.211.195.139,8001,HTTP/HTTPS,United Kingdom - London
8.211.195.139,3128,HTTP/HTTPS,United Kingdom - London
8.211.195.173,80,HTTP/HTTPS,United Kingdom - London
8.211.195.173,10000,HTTP/HTTPS,United Kingdom - London
8.211.200.183,3129,HTTP/HTTPS,United Kingdom - London
8.211.194.78,4002,HTTP/HTTPS,United Kingdom - London
8.211.195.173,1000,HTTP/HTTPS,United Kingdom - London
8.211.200.183,10002,HTTP/HTTPS,United Kingdom - London
8.211.194.85,3129,HTTP/HTTPS,United Kingdom - London
8.211.194.78,31433,HTTP/HTTPS,United Kingdom - London
8.211.194.85,144,HTTP/HTTPS,United Kingdom - London
8.211.194.78,81,HTTP/HTTPS,United Kingdom - London
8.211.194.85,193,HTTP/HTTPS,United Kingdom - London
8.211.200.183,45,HTTP/HTTPS,United Kingdom - London
8.211.194.85,9999,HTTP/HTTPS,United Kingdom - London
8.211.200.183,80,HTTP/HTTPS,United Kingdom - London
8.211.194.85,9098,HTTP/HTTPS,United Kingdom - London
8.211.194.85,9080,HTTP/HTTPS,United Kingdom - London
8.211.200.183,8081,HTTP/HTTPS,United Kingdom - London
8.211.194.78,6379,HTTP/HTTPS,United Kingdom - London
8.211.194.78,138,HTTP/HTTPS,United Kingdom - London
8.211.195.173,100,HTTP/HTTPS,United Kingdom - London
8.211.194.78,5800,HTTP/HTTPS,United Kingdom - London
8.211.200.183,9098,HTTP/HTTPS,United Kingdom - London
104.194.148.188,3128,HTTP/HTTPS,United Kingdom
8.211.195.139,8443,HTTP/HTTPS,United Kingdom - London
8.211.195.139,8081,HTTP/HTTPS,United Kingdom - London
8.211.195.139,9080,HTTP/HTTPS,United Kingdom - London
8.211.200.183,3128,HTTP/HTTPS,United Kingdom - London
8.211.194.85,80,HTTP/HTTPS,United Kingdom - London
8.211.194.78,3129,HTTP/HTTPS,United Kingdom - London
8.211.194.78,5671,HTTP/HTTPS,United Kingdom - London
8.211.194.85,4444,HTTP/HTTPS,United Kingdom - London
8.211.194.85,5060,HTTP/HTTPS,United Kingdom - London
8.211.194.85,8443,HTTP/HTTPS,United Kingdom - London
108.161.135.118,80,HTTP/HTTPS,United States
104.128.228.69,8118,HTTP/HTTPS,United States
47.90.167.27,8081,HTTP/HTTPS,United States
47.90.167.27,102,HTTP/HTTPS,United States
104.154.186.48,80,HTTP/HTTPS,United States - Council Bluffs
47.251.74.38,20,HTTP/HTTPS,United States
47.252.11.233,5060,HTTP/HTTPS,United States
47.251.74.38,8081,HTTP/HTTPS,United States
47.251.73.54,8443,HTTP/HTTPS,United States
47.251.73.54,9098,HTTP/HTTPS,United States
192.73.243.65,3128,HTTP/HTTPS,United States - Miami
47.252.11.233,3128,HTTP/HTTPS,United States
47.252.18.37,80,HTTP/HTTPS,United States
47.252.18.37,8443,HTTP/HTTPS,United States
47.251.87.199,8080,HTTP/HTTPS,United States
47.89.159.212,993,HTTP/HTTPS,United States
47.90.149.238,31281,HTTP/HTTPS,United States
47.251.87.74,8080,HTTP/HTTPS,United States
47.251.87.74,4145,HTTP/HTTPS,United States
47.252.18.37,50,HTTP/HTTPS,United States
47.89.159.212,80,HTTP/HTTPS,United States
47.90.149.238,11,HTTP/HTTPS,United States
47.251.87.199,85,HTTP/HTTPS,United States
47.251.87.74,8983,HTTP/HTTPS,United States
47.251.73.54,5060,HTTP/HTTPS,United States
47.89.159.212,9098,HTTP/HTTPS,United States
47.254.36.213,199,HTTP/HTTPS,United States
47.251.87.199,9098,HTTP/HTTPS,United States
47.254.36.213,32764,HTTP/HTTPS,United States
47.90.149.238,80,HTTP/HTTPS,United States
159.65.245.255,80,HTTP/HTTPS,United States - Clifton
47.254.36.213,8001,HTTP/HTTPS,United States
38.127.179.219,41923,HTTP/HTTPS,United States - Washington
12.50.107.221,80,HTTP/HTTPS,United States - Saint Johns
12.50.107.22,80,HTTP/HTTPS,United States - Ormond Beach
190.94.213.23,999,HTTP/HTTPS,Venezuela - Caracas
45.230.170.30,999,HTTP/HTTPS,Venezuela - Caracas
138.59.11.65,999,HTTP/HTTPS,Venezuela - Valencia
45.186.208.34,8080,HTTP/HTTPS,Venezuela - Caracas
45.230.169.5,999,HTTP/HTTPS,Venezuela - Caracas
38.41.0.62,11201,HTTP/HTTPS,Venezuela - Cúa
190.121.239.195,999,HTTP/HTTPS,Venezuela - Caracas
138.118.200.49,999,HTTP/HTTPS,Venezuela - San Francisco
141.136.63.126,8080,HTTP/HTTPS,Venezuela
45.230.170.13,999,HTTP/HTTPS,Venezuela - Caracas
45.179.165.101,999,HTTP/HTTPS,Venezuela - Maracaibo
200.8.121.121,8080,HTTP/HTTPS,Venezuela - Valencia
190.97.243.20,999,HTTP/HTTPS,Venezuela - Mérida
190.94.213.234,999,HTTP/HTTPS,Venezuela - Caracas
190.94.213.5,999,HTTP/HTTPS,Venezuela - Caracas
190.94.212.198,999,HTTP/HTTPS,Venezuela - Caracas
178.252.171.229,8080,HTTP/HTTPS,Iran
79.127.30.250,8080,HTTP/HTTPS,Iran
193.178.203.141,8080,HTTP/HTTPS,Iran
185.109.244.69,8080,HTTP/HTTPS,Iran
78.39.253.48,8080,HTTP/HTTPS,Iran
93.113.63.11,3128,HTTP/HTTPS,Turkey
198.145.118.100,8080,HTTP/HTTPS,Turkey
109.224.242.26,8080,HTTP/HTTPS,Turkey
131.222.251.56,8080,HTTP/HTTPS,Turkey - Istanbul
195.62.50.17,8080,HTTP/HTTPS,Turkey
131.222.252.15,8080,HTTP/HTTPS,Turkey - Istanbul
195.62.50.39,8080,HTTP/HTTPS,Turkey
109.224.242.209,8080,HTTP/HTTPS,Turkey
95.3.69.222,8080,HTTP/HTTPS,Turkey - Istanbul
195.62.50.141,8080,HTTP/HTTPS,Turkey
131.222.247.238,8080,HTTP/HTTPS,Turkey - Istanbul
185.200.37.245,8080,HTTP/HTTPS,Turkey - Antakya
195.62.50.20,8080,HTTP/HTTPS,Turkey
131.222.253.73,8080,HTTP/HTTPS,Turkey - Istanbul
185.248.15.159,8080,HTTP/HTTPS,Turkey - Istanbul
195.62.50.12,8080,HTTP/HTTPS,Turkey
78.134.20.48,8080,HTTP/HTTPS,Italy
85.208.200.185,8081,HTTP/HTTPS,Italy - Milan
197.164.101.10,1981,HTTP/HTTPS,Egypt - Giza
197.164.101.14,1981,HTTP/HTTPS,Egypt - Cairo
213.131.85.28,1976,HTTP/HTTPS,Egypt
196.219.64.252,8080,HTTP/HTTPS,Egypt - Cairo
196.204.83.229,1981,HTTP/HTTPS,Egypt - 6th of October City
41.65.162.72,1981,HTTP/HTTPS,Egypt - Cairo
196.204.83.232,1976,HTTP/HTTPS,Egypt - Cairo
196.204.83.232,1981,HTTP/HTTPS,Egypt - Cairo
196.219.64.252,80,HTTP/HTTPS,Egypt - Cairo
41.128.90.52,1981,HTTP/HTTPS,Egypt - Cairo
87.126.65.11,1388,HTTP/HTTPS,Bulgaria - Sofia
149.62.230.50,8080,HTTP/HTTPS,Bulgaria - Sofia
92.247.12.136,9510,HTTP/HTTPS,Bulgaria - Sofia
38.180.2.107,3128,HTTP/HTTPS,Bulgaria
45.168.244.16,8080,HTTP/HTTPS,Brazil
185.230.190.195,3128,HTTP/HTTPS,Finland
91.188.213.143,1080,HTTP/HTTPS,Seychelles
72.56.238.99,9090,HTTP/HTTPS,United States
82.114.228.67,1080,HTTP/HTTPS,Russian Federation
140.245.238.56,53,HTTP/HTTPS,India
91.107.163.9,82,HTTP/HTTPS,Germany
176.12.65.24,443,HTTP/HTTPS,Russian Federation
113.160.132.26,8080,HTTP/HTTPS,Vietnam
200.227.89.50,3128,HTTP/HTTPS,Brazil
62.133.62.184,1082,HTTP/HTTPS,France
34.87.80.221,30000,HTTP/HTTPS,Singapore
172.237.73.24,80,HTTP/HTTPS,Singapore
46.249.100.124,80,HTTP/HTTPS,Germany
152.32.132.190,7890,HTTP/HTTPS,Hong Kong
139.99.237.62,80,HTTP/HTTPS,Australia
159.65.245.255,80,HTTP/HTTPS,United States
143.42.66.91,80,HTTP/HTTPS,Singapore
175.101.240.38,80,HTTP/HTTPS,India
174.138.119.88,80,HTTP/HTTPS,United States
103.65.237.92,5678,HTTP/HTTPS,Indonesia
37.187.74.125,80,HTTP/HTTPS,France
47.236.86.147,443,HTTP/HTTPS,Singapore
154.65.39.7,80,HTTP/HTTPS,Senegal
91.107.182.124,82,HTTP/HTTPS,Germany
51.178.253.98,80,HTTP/HTTPS,France
202.133.88.173,80,HTTP/HTTPS,France
108.161.135.118,80,HTTP/HTTPS,United States
104.152.50.252,8000,HTTP/HTTPS,United States
201.140.185.41,8081,HTTP/HTTPS,Mexico
81.90.29.194,10808,HTTP/HTTPS,Iraq
109.236.88.82,80,HTTP/HTTPS,Netherlands
185.173.144.152,1080,HTTP/HTTPS,United Arab Emirates
212.231.191.23,80,HTTP/HTTPS,Spain
202.28.194.139,31280,HTTP/HTTPS,Thailand
147.78.0.81,9443,HTTP/HTTPS,United Arab Emirates
159.195.69.220,8888,HTTP/HTTPS,Germany
170.64.170.204,8080,HTTP/HTTPS,Australia
176.99.134.183,8090,HTTP/HTTPS,Russian Federation
34.44.49.215,80,HTTP/HTTPS,United States
159.195.49.27,8888,HTTP/HTTPS,Germany
5.45.126.128,8080,HTTP/HTTPS,Estonia
185.200.188.234,10001,HTTP/HTTPS,Russian Federation
103.185.250.142,1452,HTTP/HTTPS,Bangladesh
80.74.54.148,3128,HTTP/HTTPS,Germany
93.113.63.11,3128,HTTP/HTTPS,Turkey
138.91.159.185,80,HTTP/HTTPS,United States
12.50.107.219,80,HTTP/HTTPS,United States
115.127.95.82,8080,HTTP/HTTPS,Bangladesh
203.162.13.222,6868,HTTP/HTTPS,Vietnam
65.109.65.239,18080,HTTP/HTTPS,Finland
132.243.234.171,9443,HTTP/HTTPS,Netherlands
12.50.107.220,80,HTTP/HTTPS,United States
81.168.119.85,443,HTTP/HTTPS,United Kingdom
2.59.132.39,3128,HTTP/HTTPS,Germany
170.82.194.134,3128,HTTP/HTTPS,Brazil
12.50.107.217,80,HTTP/HTTPS,United States
222.228.194.131,8080,HTTP/HTTPS,Japan
103.43.191.71,8888,HTTP/HTTPS,Singapore
41.220.16.208,80,HTTP/HTTPS,Zimbabwe
197.221.249.198,80,HTTP/HTTPS,Zimbabwe
197.221.240.240,80,HTTP/HTTPS,Zimbabwe
197.221.249.196,80,HTTP/HTTPS,Zimbabwe
219.65.73.81,80,HTTP/HTTPS,India
46.47.197.210,3128,HTTP/HTTPS,Russian Federation
219.93.101.63,80,HTTP/HTTPS,Malaysia
219.93.101.60,80,HTTP/HTTPS,Malaysia
219.93.101.62,80,HTTP/HTTPS,Malaysia
206.189.144.164,10808,HTTP/HTTPS,Singapore
163.172.53.142,80,HTTP/HTTPS,France
41.220.16.209,80,HTTP/HTTPS,Zimbabwe
219.249.37.107,8382,HTTP/HTTPS,South Korea
151.241.234.208,8443,HTTP/HTTPS,Finland
203.162.13.26,6868,HTTP/HTTPS,Vietnam
149.104.4.88,10809,HTTP/HTTPS,United States
41.59.90.171,80,HTTP/HTTPS,Tanzania
43.161.239.147,8888,HTTP/HTTPS,Hong Kong
45.95.232.35,3128,HTTP/HTTPS,Switzerland
12.50.107.221,80,HTTP/HTTPS,United States
47.83.168.191,4000,HTTP/HTTPS,Hong Kong
12.50.107.222,80,HTTP/HTTPS,United States
190.58.248.86,80,HTTP/HTTPS,Trinidad and Tobago
203.99.240.182,80,HTTP/HTTPS,Japan
147.231.163.133,80,HTTP/HTTPS,Czech Republic
3.107.232.220,8080,HTTP/HTTPS,Australia
187.72.215.33,3128,HTTP/HTTPS,Brazil
62.133.62.231,1081,HTTP/HTTPS,France
201.222.50.218,80,HTTP/HTTPS,Paraguay
47.238.203.170,50000,HTTP/HTTPS,Hong Kong
41.59.90.170,80,HTTP/HTTPS,Tanzania
150.241.116.167,443,HTTP/HTTPS,United States
13.114.160.78,80,HTTP/HTTPS,Japan
212.47.232.28,80,HTTP/HTTPS,France
154.65.39.8,80,HTTP/HTTPS,Senegal
197.221.240.178,80,HTTP/HTTPS,Zimbabwe
183.110.216.159,8090,HTTP/HTTPS,South Korea
14.143.222.113,57748,HTTP/HTTPS,India
181.16.201.37,80,HTTP/HTTPS,Argentina
52.34.243.150,8080,HTTP/HTTPS,United States
0.0.0.0,80,HTTP/HTTPS,Unknown
154.211.14.52,808,HTTP/HTTPS,Seychelles
103.173.138.240,8090,HTTP/HTTPS,Indonesia
103.41.33.169,58080,HTTP/HTTPS,India
103.147.134.115,8082,HTTP/HTTPS,Indonesia
103.247.23.76,8081,HTTP/HTTPS,Indonesia
102.129.170.166,37234,HTTP/HTTPS,United States
190.2.209.62,999,HTTP/HTTPS,Colombia
157.20.252.203,8080,HTTP/HTTPS,Indonesia
124.158.190.130,64999,HTTP/HTTPS,Indonesia
103.151.20.131,80,HTTP/HTTPS,Indonesia
213.21.254.26,1081,HTTP/HTTPS,Sweden
71.198.208.169,443,HTTP/HTTPS,United States
45.157.140.12,1080,HTTP/HTTPS,Russian Federation
62.201.217.243,40010,HTTP/HTTPS,Iraq
157.100.26.250,999,HTTP/HTTPS,Ecuador
82.22.184.158,3128,HTTP/HTTPS,Germany
38.41.0.62,11201,HTTP/HTTPS,Venezuela
158.180.19.230,1080,HTTP/HTTPS,Germany
103.69.96.15,8888,HTTP/HTTPS,Vietnam
62.133.62.249,1082,HTTP/HTTPS,France
47.79.254.162,8888,HTTP/HTTPS,Singapore
194.14.207.87,80,HTTP/HTTPS,Sweden
199.182.135.85,3128,HTTP/HTTPS,United States
43.153.199.126,8888,HTTP/HTTPS,Singapore
172.205.123.178,3128,HTTP/HTTPS,Ireland
49.51.228.35,81,HTTP/HTTPS,United States
34.96.238.40,8080,HTTP/HTTPS,Hong Kong
147.45.76.207,3128,HTTP/HTTPS,Sweden
109.120.184.202,1080,HTTP/HTTPS,Finland
85.214.107.177,80,HTTP/HTTPS,Germany
85.234.100.149,8080,HTTP/HTTPS,Germany
32.223.6.94,80,HTTP/HTTPS,United States
179.1.126.46,999,HTTP/HTTPS,Colombia
54.38.138.60,3128,HTTP/HTTPS,Poland
64.188.77.26,3128,HTTP/HTTPS,Netherlands
197.221.249.197,80,HTTP/HTTPS,Zimbabwe
156.232.99.59,10808,HTTP/HTTPS,Seychelles
213.33.126.130,80,HTTP/HTTPS,Austria
197.221.249.199,80,HTTP/HTTPS,Zimbabwe
34.43.46.91,80,HTTP/HTTPS,United States
197.221.237.248,80,HTTP/HTTPS,Zimbabwe
27.34.242.98,80,HTTP/HTTPS,India
196.1.97.198,80,HTTP/HTTPS,Senegal
97.74.87.226,80,HTTP/HTTPS,Singapore
127.0.0.7,80,HTTP/HTTPS,Unknown
144.31.73.173,3128,HTTP/HTTPS,Germany
103.149.118.51,8080,HTTP/HTTPS,Indonesia
65.108.203.37,28080,HTTP/HTTPS,Finland
217.154.155.115,8080,HTTP/HTTPS,Germany
45.229.17.74,999,HTTP/HTTPS,Ecuador
200.125.169.51,999,HTTP/HTTPS,Dominican Republic
202.169.250.148,8111,HTTP/HTTPS,Indonesia
43.160.249.13,9223,HTTP/HTTPS,Singapore
47.89.159.212,8123,HTTP/HTTPS,United States
62.60.149.161,3128,HTTP/HTTPS,Sweden
47.251.74.38,199,HTTP/HTTPS,United States
104.194.146.9,80,HTTP/HTTPS,United Kingdom
180.211.93.111,8080,HTTP/HTTPS,Indonesia
38.127.172.219,37234,HTTP/HTTPS,United States
202.8.29.90,8080,HTTP/HTTPS,Indonesia
103.156.16.63,8818,HTTP/HTTPS,Indonesia
160.22.197.120,8080,HTTP/HTTPS,Indonesia
102.23.140.124,8080,HTTP/HTTPS,Sierra Leone
103.124.199.116,8080,HTTP/HTTPS,Indonesia
45.224.149.234,999,HTTP/HTTPS,Ecuador
62.103.66.18,3128,HTTP/HTTPS,Greece
36.88.141.105,8080,HTTP/HTTPS,Indonesia
178.156.224.42,3128,HTTP/HTTPS,United States
94.198.218.123,3128,HTTP/HTTPS,Russian Federation
47.74.226.8,5001,HTTP/HTTPS,Singapore
92.118.112.32,1082,HTTP/HTTPS,United States
149.28.87.103,8888,HTTP/HTTPS,United States
85.92.108.2,3128,HTTP/HTTPS,Russian Federation
62.133.62.187,1081,HTTP/HTTPS,France
5.202.120.123,3128,HTTP/HTTPS,Iran
8.219.97.248,80,HTTP/HTTPS,Singapore
45.148.116.18,28080,HTTP/HTTPS,Switzerland
203.175.126.229,8000,HTTP/HTTPS,Indonesia
85.214.204.79,80,HTTP/HTTPS,Germany
207.246.234.115,4669,HTTP/HTTPS,United States
31.28.4.192,80,HTTP/HTTPS,Russian Federation
103.92.218.121,9514,HTTP/HTTPS,Bangladesh
217.217.249.12,3128,HTTP/HTTPS,India
217.25.228.102,8888,HTTP/HTTPS,Russian Federation
175.139.233.79,80,HTTP/HTTPS,Malaysia
197.221.240.176,80,HTTP/HTTPS,Zimbabwe
47.250.11.111,9080,HTTP/HTTPS,Malaysia
176.61.151.123,80,HTTP/HTTPS,Portugal
110.49.66.210,8080,HTTP/HTTPS,Thailand
162.240.19.30,80,HTTP/HTTPS,United States
64.188.77.221,3128,HTTP/HTTPS,Netherlands
103.94.52.70,3128,HTTP/HTTPS,Myanmar
8.213.222.157,80,HTTP/HTTPS,Thailand
54.38.139.182,3128,HTTP/HTTPS,Poland
193.29.224.20,3128,HTTP/HTTPS,Finland
204.48.29.137,3129,HTTP/HTTPS,United States
196.204.83.229,1981,HTTP/HTTPS,Egypt
47.245.117.43,80,HTTP/HTTPS,Singapore
207.246.68.214,3129,HTTP/HTTPS,United States
181.129.183.19,53281,HTTP/HTTPS,Colombia
193.187.90.54,8118,HTTP/HTTPS,Sweden
123.58.219.150,7890,HTTP/HTTPS,Hong Kong
174.137.134.182,2999,HTTP/HTTPS,United States
183.110.216.128,8090,HTTP/HTTPS,South Korea
103.80.77.1,443,HTTP/HTTPS,Indonesia
103.171.240.134,9595,HTTP/HTTPS,Indonesia
103.242.105.65,7200,HTTP/HTTPS,Indonesia
103.103.193.194,8080,HTTP/HTTPS,Indonesia
161.248.190.83,8080,HTTP/HTTPS,Philippines
201.91.248.67,20183,HTTP/HTTPS,Brazil
103.247.22.88,4317,HTTP/HTTPS,Indonesia
179.1.125.23,999,HTTP/HTTPS,Colombia
178.156.206.253,8118,HTTP/HTTPS,United States
103.30.211.34,80,HTTP/HTTPS,Australia
157.180.84.115,443,HTTP/HTTPS,Finland
34.84.162.206,38080,HTTP/HTTPS,Japan
92.119.127.211,6005,HTTP/HTTPS,France
197.221.240.247,80,HTTP/HTTPS,Zimbabwe
197.255.126.69,80,HTTP/HTTPS,Ghana
47.251.87.199,20000,HTTP/HTTPS,United States
94.158.49.82,3128,HTTP/HTTPS,Uzbekistan
138.197.68.35,4857,HTTP/HTTPS,United States
216.106.179.216,49152,HTTP/HTTPS,United States
65.108.203.35,28080,HTTP/HTTPS,Finland
8.213.134.213,8083,HTTP/HTTPS,South Korea
47.91.29.151,8080,HTTP/HTTPS,Japan
138.68.235.51,80,HTTP/HTTPS,United States
117.247.233.48,8080,HTTP/HTTPS,India
38.194.245.215,3128,HTTP/HTTPS,Mexico
103.133.27.143,8080,HTTP/HTTPS,Indonesia
103.156.224.66,8080,HTTP/HTTPS,Indonesia
103.187.162.75,8085,HTTP/HTTPS,Indonesia
191.7.208.87,8080,HTTP/HTTPS,Brazil
200.118.238.71,8080,HTTP/HTTPS,Colombia
199.203.152.99,8111,HTTP/HTTPS,Israel
133.232.93.66,80,HTTP/HTTPS,Japan
114.6.27.84,8520,HTTP/HTTPS,Indonesia
24.102.236.218,8888,HTTP/HTTPS,United States
103.171.182.229,8080,HTTP/HTTPS,Indonesia
168.235.80.215,3128,HTTP/HTTPS,United States
122.53.48.41,8080,HTTP/HTTPS,Philippines
93.189.231.51,5555,HTTP/HTTPS,Russian Federation
186.96.97.202,999,HTTP/HTTPS,Colombia
131.221.42.17,4040,HTTP/HTTPS,Colombia
64.130.54.246,3128,HTTP/HTTPS,United States
190.61.43.122,8080,HTTP/HTTPS,Colombia
103.106.79.253,2233,HTTP/HTTPS,Indonesia
46.8.112.212,3128,HTTP/HTTPS,Netherlands
159.223.87.50,443,HTTP/HTTPS,Singapore
138.124.106.230,443,HTTP/HTTPS,Germany
5.161.50.82,8118,HTTP/HTTPS,United States
62.133.62.207,1081,HTTP/HTTPS,France
83.222.7.205,3128,HTTP/HTTPS,Uzbekistan
147.102.16.32,8080,HTTP/HTTPS,Greece
178.128.59.180,18080,HTTP/HTTPS,Singapore
91.144.22.69,8080,HTTP/HTTPS,Syrian Arab Republic
8.211.194.85,9080,HTTP/HTTPS,United Kingdom
8.220.204.215,18080,HTTP/HTTPS,South Korea
39.109.113.97,4090,HTTP/HTTPS,Hong Kong
65.109.87.121,18080,HTTP/HTTPS,Finland
179.48.25.1,8095,HTTP/HTTPS,Brazil
38.19.43.105,999,HTTP/HTTPS,Colombia
45.229.58.33,999,HTTP/HTTPS,Panama
131.222.251.144,8080,HTTP/HTTPS,Turkey
133.232.90.156,80,HTTP/HTTPS,Japan
38.127.179.159,37234,HTTP/HTTPS,United States
66.175.236.184,2080,HTTP/HTTPS,United States
104.154.186.48,80,HTTP/HTTPS,United States
103.167.61.162,3128,HTTP/HTTPS,Hong Kong
42.96.18.62,1311,HTTP/HTTPS,Vietnam
160.250.226.118,8090,HTTP/HTTPS,Indonesia
103.167.116.141,8087,HTTP/HTTPS,Philippines
203.223.89.185,8080,HTTP/HTTPS,Bangladesh
103.9.190.130,8080,HTTP/HTTPS,Cambodia
163.223.111.22,8082,HTTP/HTTPS,Philippines
38.159.37.173,999,HTTP/HTTPS,Dominican Republic
194.26.192.168,8080,HTTP/HTTPS,Netherlands
62.133.62.12,1081,HTTP/HTTPS,France
103.17.246.60,1080,HTTP/HTTPS,Indonesia
38.127.179.107,37234,HTTP/HTTPS,United States
200.69.83.205,999,HTTP/HTTPS,Colombia
65.109.65.238,18080,HTTP/HTTPS,Finland
103.129.127.244,8088,HTTP/HTTPS,Vietnam
38.127.179.19,37234,HTTP/HTTPS,United States
103.210.35.183,8080,HTTP/HTTPS,Indonesia
51.161.137.166,8080,HTTP/HTTPS,Australia
41.33.219.140,1981,HTTP/HTTPS,Egypt
45.77.6.22,443,HTTP/HTTPS,United States
197.221.234.149,80,HTTP/HTTPS,Zimbabwe
41.220.16.215,80,HTTP/HTTPS,Zimbabwe
188.166.9.27,3129,HTTP/HTTPS,Netherlands
8.215.3.250,8119,HTTP/HTTPS,Indonesia
154.89.148.25,443,HTTP/HTTPS,Seychelles
103.82.23.118,5259,HTTP/HTTPS,Vietnam
150.136.163.51,80,HTTP/HTTPS,United States
94.182.225.248,3128,HTTP/HTTPS,Iran
92.119.127.208,6005,HTTP/HTTPS,France
41.184.92.220,80,HTTP/HTTPS,Nigeria
193.122.96.242,3128,HTTP/HTTPS,South Korea
103.122.1.13,8181,HTTP/HTTPS,Indonesia
181.204.39.202,53740,HTTP/HTTPS,Colombia
181.236.221.138,4145,HTTP/HTTPS,Colombia
202.79.47.159,10800,HTTP/HTTPS,Nepal
41.190.92.50,60606,HTTP/HTTPS,Malawi
213.19.205.18,54321,HTTP/HTTPS,Netherlands
45.144.49.156,1080,HTTP/HTTPS,Poland
120.50.13.41,40308,HTTP/HTTPS,Bangladesh
36.64.27.123,5678,HTTP/HTTPS,Indonesia
138.124.125.198,1080,HTTP/HTTPS,United Kingdom
217.177.33.53,1080,HTTP/HTTPS,Finland
95.214.54.200,1080,HTTP/HTTPS,Poland
103.225.221.18,5678,HTTP/HTTPS,Pakistan
185.132.1.221,4145,HTTP/HTTPS,Ukraine
176.235.182.84,1080,HTTP/HTTPS,Turkey
103.66.176.45,32251,HTTP/HTTPS,Bangladesh
27.65.119.207,1080,HTTP/HTTPS,Vietnam
105.235.201.234,32639,HTTP/HTTPS,Nigeria
193.107.75.242,33500,HTTP/HTTPS,Ukraine
193.158.12.140,4153,HTTP/HTTPS,Germany
131.161.68.41,35944,HTTP/HTTPS,Brazil
209.38.214.48,1080,HTTP/HTTPS,Germany
45.228.151.157,1088,HTTP/HTTPS,Brazil
110.232.85.196,7080,HTTP/HTTPS,Indonesia
157.10.97.12,1080,HTTP/HTTPS,Indonesia
50.238.47.86,32100,HTTP/HTTPS,United States
160.250.54.6,9000,HTTP/HTTPS,Vietnam
38.51.243.173,5678,HTTP/HTTPS,Colombia
103.10.99.110,5678,HTTP/HTTPS,Indonesia
103.155.184.51,9898,HTTP/HTTPS,Bangladesh
36.95.235.18,3629,HTTP/HTTPS,Indonesia
160.22.22.85,5678,HTTP/HTTPS,Indonesia
172.99.187.33,4145,HTTP/HTTPS,Puerto Rico
200.43.231.17,4145,HTTP/HTTPS,Argentina
27.72.122.228,51067,HTTP/HTTPS,Vietnam
170.81.108.153,4153,HTTP/HTTPS,Brazil
103.86.57.9,4145,HTTP/HTTPS,Nepal
202.84.76.190,5678,HTTP/HTTPS,Cambodia
47.238.130.212,20,HTTP/HTTPS,Hong Kong
178.115.255.177,5678,HTTP/HTTPS,Austria
5.59.248.134,8081,HTTP/HTTPS,Italy
103.151.226.11,12,HTTP/HTTPS,Indonesia
202.51.103.154,5678,HTTP/HTTPS,Indonesia
2.115.212.62,48293,HTTP/HTTPS,Italy
202.123.183.66,5678,HTTP/HTTPS,Laos
202.162.219.10,1080,HTTP/HTTPS,Indonesia
200.105.252.170,5678,HTTP/HTTPS,Ecuador
94.247.241.70,51006,HTTP/HTTPS,Russian Federation
103.74.227.130,56417,HTTP/HTTPS,India
176.88.166.215,1080,HTTP/HTTPS,Turkey
202.162.219.12,1080,HTTP/HTTPS,Indonesia
134.249.128.111,1080,HTTP/HTTPS,Ukraine
177.136.124.46,56113,HTTP/HTTPS,Brazil
176.235.182.90,1080,HTTP/HTTPS,Turkey
197.232.43.224,1080,HTTP/HTTPS,Kenya
103.146.185.80,1081,HTTP/HTTPS,Indonesia
91.92.80.199,4145,HTTP/HTTPS,Bulgaria
79.137.197.56,1082,HTTP/HTTPS,Netherlands
103.102.142.98,4145,HTTP/HTTPS,Indonesia
12.11.59.114,1080,HTTP/HTTPS,United States
196.0.111.186,46048,HTTP/HTTPS,Uganda
103.151.75.21,2025,HTTP/HTTPS,Bangladesh
138.2.216.186,1080,HTTP/HTTPS,United States
123.200.5.146,57775,HTTP/HTTPS,Bangladesh
177.91.35.202,4153,HTTP/HTTPS,Brazil
103.53.110.45,10801,HTTP/HTTPS,India
190.103.28.76,4145,HTTP/HTTPS,Venezuela
38.242.158.117,9050,HTTP/HTTPS,France
65.108.246.14,9050,HTTP/HTTPS,Finland
200.71.123.77,60606,HTTP/HTTPS,Brazil
162.255.108.5,5678,HTTP/HTTPS,United States
109.166.207.162,3629,HTTP/HTTPS,Romania
103.179.172.167,18888,HTTP/HTTPS,Vietnam
103.76.190.37,31756,HTTP/HTTPS,India
62.103.186.66,4153,HTTP/HTTPS,Greece
213.248.39.166,4153,HTTP/HTTPS,Russian Federation
185.135.81.149,9060,HTTP/HTTPS,Russian Federation
78.111.149.103,1080,HTTP/HTTPS,Russian Federation
185.32.4.65,4153,HTTP/HTTPS,Poland
31.43.63.70,4145,HTTP/HTTPS,Ukraine
8.219.70.174,443,HTTP/HTTPS,Singapore
194.28.162.12,1080,HTTP/HTTPS,Russian Federation
103.242.105.199,8199,HTTP/HTTPS,Indonesia
191.33.83.84,4153,HTTP/HTTPS,Brazil
117.216.46.148,1080,HTTP/HTTPS,India
185.190.90.2,4145,HTTP/HTTPS,Albania
180.191.22.50,4153,HTTP/HTTPS,Philippines
181.115.74.172,5678,HTTP/HTTPS,Honduras
103.143.214.81,5678,HTTP/HTTPS,India
23.254.196.69,8888,HTTP/HTTPS,United States
45.150.33.211,1081,HTTP/HTTPS,Netherlands
190.57.131.158,1080,HTTP/HTTPS,Ecuador
115.187.50.40,5678,HTTP/HTTPS,India
94.156.114.45,1080,HTTP/HTTPS,Germany
88.99.82.67,443,HTTP/HTTPS,Germany
124.6.225.124,1088,HTTP/HTTPS,Bangladesh
190.228.33.44,1085,HTTP/HTTPS,Argentina
161.97.129.202,9060,HTTP/HTTPS,France
103.165.64.86,4153,HTTP/HTTPS,India
103.146.185.5,1083,HTTP/HTTPS,Indonesia
38.51.243.174,5678,HTTP/HTTPS,Colombia
158.101.15.1,443,HTTP/HTTPS,United States
46.161.4.153,4444,HTTP/HTTPS,Russian Federation
80.78.78.106,65530,HTTP/HTTPS,Albania
103.88.169.106,33149,HTTP/HTTPS,Indonesia
182.53.216.73,4145,HTTP/HTTPS,Thailand
196.29.231.1,4145,HTTP/HTTPS,Ghana
109.71.244.97,1080,HTTP/HTTPS,Netherlands
185.128.153.75,33333,HTTP/HTTPS,Iran
103.41.32.250,51951,HTTP/HTTPS,India
86.100.63.246,4145,HTTP/HTTPS,Lithuania
46.188.2.42,5678,HTTP/HTTPS,Russian Federation
169.239.45.51,4153,HTTP/HTTPS,South Africa
117.102.115.154,4153,HTTP/HTTPS,Indonesia
203.174.26.137,4153,HTTP/HTTPS,Mongolia
182.16.171.65,51459,HTTP/HTTPS,Indonesia
141.105.107.152,5678,HTTP/HTTPS,Spain
213.87.101.134,1080,HTTP/HTTPS,Russian Federation
103.184.67.37,1080,HTTP/HTTPS,Indonesia
103.88.169.6,3629,HTTP/HTTPS,Indonesia
89.22.167.38,1080,HTTP/HTTPS,Russian Federation
123.200.6.58,5678,HTTP/HTTPS,Bangladesh
102.176.178.66,4145,HTTP/HTTPS,Burkina Faso
47.238.106.120,666,HTTP/HTTPS,Hong Kong
88.87.79.18,3629,HTTP/HTTPS,Russian Federation
201.184.239.75,5678,HTTP/HTTPS,Colombia
167.71.204.247,9050,HTTP/HTTPS,Singapore
92.42.8.23,4153,HTTP/HTTPS,Russian Federation
36.37.189.64,5678,HTTP/HTTPS,Cambodia
111.235.128.218,60606,HTTP/HTTPS,Australia
45.117.29.129,10888,HTTP/HTTPS,India
84.2.239.42,4153,HTTP/HTTPS,Hungary
31.42.2.113,5678,HTTP/HTTPS,Poland
109.248.236.150,60606,HTTP/HTTPS,Kazakhstan
92.42.8.20,4145,HTTP/HTTPS,Russian Federation
78.128.124.108,5678,HTTP/HTTPS,Bulgaria
85.92.108.2,1080,HTTP/HTTPS,Russian Federation
190.242.59.158,4145,HTTP/HTTPS,Colombia
168.227.158.85,4145,HTTP/HTTPS,Brazil
185.121.13.73,1080,HTTP/HTTPS,Netherlands
168.227.158.49,4145,HTTP/HTTPS,Brazil
178.214.201.74,7080,HTTP/HTTPS,Ukraine
113.53.29.228,13629,HTTP/HTTPS,Thailand
184.95.220.42,1080,HTTP/HTTPS,Canada
103.138.145.202,1999,HTTP/HTTPS,Bangladesh
103.187.39.17,1080,HTTP/HTTPS,Bangladesh
38.191.204.37,43496,HTTP/HTTPS,Colombia
82.22.174.113,1080,HTTP/HTTPS,Germany
193.105.62.11,58973,HTTP/HTTPS,Ukraine
159.148.146.65,5678,HTTP/HTTPS,Latvia
45.79.203.254,48388,HTTP/HTTPS,United States
152.70.237.238,3128,HTTP/HTTPS,South Korea
182.184.119.180,1080,HTTP/HTTPS,Pakistan
89.237.36.129,51549,HTTP/HTTPS,Russian Federation
62.60.167.90,1080,HTTP/HTTPS,Iran
204.216.136.58,9050,HTTP/HTTPS,Brazil
31.172.133.253,4153,HTTP/HTTPS,Russian Federation
84.247.236.86,48293,HTTP/HTTPS,Italy
157.230.62.174,1080,HTTP/HTTPS,United States
103.60.138.2,4153,HTTP/HTTPS,India
94.156.128.11,9050,HTTP/HTTPS,Bulgaria
200.50.249.224,4153,HTTP/HTTPS,Argentina
103.59.203.229,4145,HTTP/HTTPS,India
177.234.247.221,1080,HTTP/HTTPS,Ecuador
167.250.137.129,1080,HTTP/HTTPS,Brazil
80.78.73.120,65530,HTTP/HTTPS,Albania
203.77.239.219,50574,HTTP/HTTPS,Indonesia
200.105.192.6,5678,HTTP/HTTPS,Bolivia
37.186.66.36,3629,HTTP/HTTPS,Armenia
186.194.234.18,4153,HTTP/HTTPS,Brazil
202.62.52.120,1080,HTTP/HTTPS,Cambodia
110.235.240.223,1080,HTTP/HTTPS,Cambodia
91.107.163.9,82,HTTP/HTTPS,Germany
58.235.170.51,5678,HTTP/HTTPS,South Korea
62.60.149.161,1080,HTTP/HTTPS,Sweden
84.21.173.170,1080,HTTP/HTTPS,Germany
116.100.217.105,1080,HTTP/HTTPS,Vietnam
88.245.138.87,1080,HTTP/HTTPS,Turkey
187.44.211.118,4153,HTTP/HTTPS,Brazil
95.188.83.253,1080,HTTP/HTTPS,Russian Federation
103.138.145.204,1999,HTTP/HTTPS,Bangladesh
13.140.164.179,3095,HTTP/HTTPS,France
103.172.121.52,47821,HTTP/HTTPS,Indonesia
43.153.84.220,9050,HTTP/HTTPS,United States
203.189.150.44,1080,HTTP/HTTPS,Cambodia
89.151.134.157,3629,HTTP/HTTPS,Russian Federation
206.123.156.246,10340,HTTP/HTTPS,Iran
43.135.153.37,9050,HTTP/HTTPS,United States
104.249.40.117,1080,HTTP/HTTPS,Netherlands
8.220.204.215,5060,HTTP/HTTPS,South Korea
94.73.251.19,1080,HTTP/HTTPS,Russian Federation
188.235.21.247,2080,HTTP/HTTPS,Russian Federation
49.229.36.211,4153,HTTP/HTTPS,Thailand
202.62.37.63,1080,HTTP/HTTPS,Cambodia
103.146.185.81,1081,HTTP/HTTPS,Indonesia
212.227.186.120,5678,HTTP/HTTPS,Germany
217.145.199.47,56746,HTTP/HTTPS,Slovakia
190.109.72.41,33633,HTTP/HTTPS,Brazil
47.91.89.3,1111,HTTP/HTTPS,Germany
149.129.226.9,4145,HTTP/HTTPS,Indonesia
188.120.235.134,9051,HTTP/HTTPS,Russian Federation
206.123.156.230,11954,HTTP/HTTPS,Iran
125.209.9.182,1080,HTTP/HTTPS,South Korea
213.165.185.211,4153,HTTP/HTTPS,Malta
195.239.17.185,1080,HTTP/HTTPS,Russian Federation
186.26.95.249,61445,HTTP/HTTPS,Brazil
82.65.237.58,9050,HTTP/HTTPS,France
103.138.145.102,1999,HTTP/HTTPS,Bangladesh
91.243.195.9,35860,HTTP/HTTPS,Ukraine
8.221.141.88,541,HTTP/HTTPS,Japan
193.32.54.178,1080,HTTP/HTTPS,Russian Federation
170.106.136.181,31002,HTTP/HTTPS,United States
175.139.201.193,4153,HTTP/HTTPS,Malaysia
23.95.164.198,1080,HTTP/HTTPS,United States
8.215.25.3,2080,HTTP/HTTPS,Indonesia
8.213.195.191,5060,HTTP/HTTPS,Thailand
173.208.243.148,9050,HTTP/HTTPS,United States
103.160.205.244,8080,HTTP/HTTPS,Indonesia
213.108.250.132,1080,HTTP/HTTPS,Russian Federation
102.64.117.254,4145,HTTP/HTTPS,DR Congo
8.220.205.172,8060,HTTP/HTTPS,South Korea
113.160.188.21,1080,HTTP/HTTPS,Vietnam
170.106.142.217,9050,HTTP/HTTPS,United States
181.205.113.218,1080,HTTP/HTTPS,Colombia
103.18.77.4,1080,HTTP/HTTPS,Indonesia
72.14.186.167,50001,HTTP/HTTPS,United States
183.88.240.139,4153,HTTP/HTTPS,Thailand
15.235.229.160,9050,HTTP/HTTPS,Singapore
205.177.85.130,39593,HTTP/HTTPS,Japan
103.118.127.222,4153,HTTP/HTTPS,Indonesia
27.121.101.5,5678,HTTP/HTTPS,India
135.136.191.5,9050,HTTP/HTTPS,United Arab Emirates
46.107.230.122,1080,HTTP/HTTPS,Hungary
103.117.121.249,1080,HTTP/HTTPS,Hong Kong
181.115.207.115,1080,HTTP/HTTPS,Bolivia
72.56.115.161,1080,HTTP/HTTPS,Netherlands
154.201.89.198,7890,HTTP/HTTPS,Seychelles
91.196.35.45,1080,HTTP/HTTPS,Russian Federation
47.90.167.27,1081,HTTP/HTTPS,United States
47.254.36.213,8085,HTTP/HTTPS,United States
47.83.14.133,1011,HTTP/HTTPS,Hong Kong
47.250.155.254,1081,HTTP/HTTPS,Malaysia
77.50.104.110,1080,HTTP/HTTPS,Russian Federation
103.231.57.65,5555,HTTP/HTTPS,Hong Kong
87.255.241.149,1080,HTTP/HTTPS,Russian Federation
47.238.173.39,1011,HTTP/HTTPS,Hong Kong
110.235.248.150,1080,HTTP/HTTPS,Cambodia
47.89.159.212,8123,HTTP/HTTPS,United States
46.161.27.244,995,HTTP/HTTPS,Netherlands
152.70.104.79,1080,HTTP/HTTPS,Japan
183.80.130.10,4145,HTTP/HTTPS,Vietnam
146.56.185.39,10800,HTTP/HTTPS,South Korea
8.220.136.174,9080,HTTP/HTTPS,Philippines
8.219.229.53,5060,HTTP/HTTPS,Singapore
47.237.2.245,20000,HTTP/HTTPS,Singapore
149.129.255.179,9080,HTTP/HTTPS,Indonesia
8.213.197.208,8008,HTTP/HTTPS,Thailand
103.154.113.245,4153,HTTP/HTTPS,Indonesia
109.224.22.35,51372,HTTP/HTTPS,Iraq
47.76.144.139,8123,HTTP/HTTPS,Hong Kong
8.211.195.173,9080,HTTP/HTTPS,United Kingdom
150.241.75.126,18080,HTTP/HTTPS,United States
185.151.86.121,3699,HTTP/HTTPS,Ukraine
103.157.78.22,8199,HTTP/HTTPS,Indonesia
72.56.107.247,80,HTTP/HTTPS,Germany
103.112.234.33,5678,HTTP/HTTPS,India
89.168.53.11,1080,HTTP/HTTPS,France
43.247.132.185,1080,HTTP/HTTPS,Hong Kong
129.158.48.4,9050,HTTP/HTTPS,United States
41.216.232.213,4153,HTTP/HTTPS,Cameroon
31.220.81.59,9050,HTTP/HTTPS,France
104.156.151.10,1080,HTTP/HTTPS,France
206.123.156.243,13228,HTTP/HTTPS,Iran
95.138.233.101,10808,HTTP/HTTPS,Russian Federation
65.21.194.253,9050,HTTP/HTTPS,Finland
193.168.140.247,1080,HTTP/HTTPS,Romania
125.228.94.199,4145,HTTP/HTTPS,Taiwan
74.1.206.48,50161,HTTP/HTTPS,Taiwan
47.238.60.156,3129,HTTP/HTTPS,Hong Kong
217.77.223.2,9050,HTTP/HTTPS,Ukraine
124.122.9.231,4153,HTTP/HTTPS,Thailand
8.220.141.8,30001,HTTP/HTTPS,Philippines
51.83.226.103,9055,HTTP/HTTPS,Poland
194.87.219.78,2080,HTTP/HTTPS,Netherlands
206.123.156.239,7023,HTTP/HTTPS,Iran
85.215.229.173,9050,HTTP/HTTPS,Germany
103.42.228.19,1080,HTTP/HTTPS,Bangladesh
138.199.25.13,3907,HTTP/HTTPS,Singapore
27.75.155.188,1080,HTTP/HTTPS,Vietnam
156.246.90.26,50161,HTTP/HTTPS,Japan
166.62.53.45,45842,HTTP/HTTPS,United States
46.62.246.93,9050,HTTP/HTTPS,Finland
72.56.64.208,1080,HTTP/HTTPS,Netherlands
36.64.238.82,1080,HTTP/HTTPS,Indonesia
103.81.114.182,4145,HTTP/HTTPS,Myanmar
112.105.12.235,1111,HTTP/HTTPS,Taiwan
14.241.182.44,5678,HTTP/HTTPS,Vietnam
8.215.15.163,8080,HTTP/HTTPS,Indonesia
107.189.20.61,1080,HTTP/HTTPS,Netherlands
188.143.166.52,80,HTTP/HTTPS,Russian Federation
8.221.138.111,8443,HTTP/HTTPS,Japan
72.56.238.99,9090,HTTP/HTTPS,United States
159.65.245.255,80,HTTP/HTTPS,United States
174.138.119.88,80,HTTP/HTTPS,United States
108.161.135.118,80,HTTP/HTTPS,United States
104.152.50.252,8000,HTTP/HTTPS,United States
34.44.49.215,80,HTTP/HTTPS,United States
138.91.159.185,80,HTTP/HTTPS,United States
12.50.107.219,80,HTTP/HTTPS,United States
12.50.107.220,80,HTTP/HTTPS,United States
12.50.107.217,80,HTTP/HTTPS,United States
149.104.4.88,10809,HTTP/HTTPS,United States
12.50.107.221,80,HTTP/HTTPS,United States
12.50.107.222,80,HTTP/HTTPS,United States
150.241.116.167,443,HTTP/HTTPS,United States
52.34.243.150,8080,HTTP/HTTPS,United States
102.129.170.166,37234,HTTP/HTTPS,United States
71.198.208.169,443,HTTP/HTTPS,United States
199.182.135.85,3128,HTTP/HTTPS,United States
49.51.228.35,81,HTTP/HTTPS,United States
32.223.6.94,80,HTTP/HTTPS,United States
34.43.46.91,80,HTTP/HTTPS,United States
47.89.159.212,8123,HTTP/HTTPS,United States
47.251.74.38,199,HTTP/HTTPS,United States
38.127.172.219,37234,HTTP/HTTPS,United States
178.156.224.42,3128,HTTP/HTTPS,United States
92.118.112.32,1082,HTTP/HTTPS,United States
149.28.87.103,8888,HTTP/HTTPS,United States
207.246.234.115,4669,HTTP/HTTPS,United States
162.240.19.30,80,HTTP/HTTPS,United States
204.48.29.137,3129,HTTP/HTTPS,United States
207.246.68.214,3129,HTTP/HTTPS,United States
174.137.134.182,2999,HTTP/HTTPS,United States
178.156.206.253,8118,HTTP/HTTPS,United States
47.251.87.199,20000,HTTP/HTTPS,United States
138.197.68.35,4857,HTTP/HTTPS,United States
216.106.179.216,49152,HTTP/HTTPS,United States
138.68.235.51,80,HTTP/HTTPS,United States
24.102.236.218,8888,HTTP/HTTPS,United States
168.235.80.215,3128,HTTP/HTTPS,United States
64.130.54.246,3128,HTTP/HTTPS,United States
5.161.50.82,8118,HTTP/HTTPS,United States
38.127.179.159,37234,HTTP/HTTPS,United States
66.175.236.184,2080,HTTP/HTTPS,United States
104.154.186.48,80,HTTP/HTTPS,United States
38.127.179.107,37234,HTTP/HTTPS,United States
38.127.179.19,37234,HTTP/HTTPS,United States
45.77.6.22,443,HTTP/HTTPS,United States
150.136.163.51,80,HTTP/HTTPS,United States
174.104.115.21,80,HTTP/HTTPS,United States
68.183.60.51,3129,HTTP/HTTPS,United States
48.214.144.194,8888,HTTP/HTTPS,United States
97.213.76.123,80,HTTP/HTTPS,United States
5.161.103.41,88,HTTP/HTTPS,United States
50.200.166.130,8080,HTTP/HTTPS,United States
76.169.128.104,8080,HTTP/HTTPS,United States
108.170.12.11,80,HTTP/HTTPS,United States
104.225.220.233,80,HTTP/HTTPS,United States
23.229.125.115,5384,HTTP/HTTPS,United States
172.120.120.18,5173,HTTP/HTTPS,United States
198.37.99.137,5928,HTTP/HTTPS,United States
192.177.103.193,6686,HTTP/HTTPS,United States
154.29.235.140,6481,HTTP/HTTPS,United States
23.27.196.180,6549,HTTP/HTTPS,United States
67.227.1.18,6299,HTTP/HTTPS,United States
192.210.191.211,6197,HTTP/HTTPS,United States
142.147.132.44,6239,HTTP/HTTPS,United States
107.172.221.148,6103,HTTP/HTTPS,United States
104.238.38.132,6400,HTTP/HTTPS,United States
136.0.182.254,6324,HTTP/HTTPS,United States
67.227.1.189,6470,HTTP/HTTPS,United States
142.147.244.20,6264,HTTP/HTTPS,United States
172.245.7.181,5234,HTTP/HTTPS,United States
154.6.126.120,6091,HTTP/HTTPS,United States
65.111.5.8,3129,HTTP/HTTPS,United States
104.164.49.77,7732,HTTP/HTTPS,United States
50.210.166.34,80,HTTP/HTTPS,United States
136.0.117.76,6814,HTTP/HTTPS,United States
192.241.104.224,8318,HTTP/HTTPS,United States
82.24.212.162,5468,HTTP/HTTPS,United States
188.215.5.83,5113,HTTP/HTTPS,United States
192.154.250.70,5650,HTTP/HTTPS,United States
170.124.21.131,27538,HTTP/HTTPS,United States
172.120.112.134,5813,HTTP/HTTPS,United States
136.0.105.242,6252,HTTP/HTTPS,United States
45.61.125.59,6070,HTTP/HTTPS,United States
166.88.224.248,6146,HTTP/HTTPS,United States
64.64.115.193,5828,HTTP/HTTPS,United States
170.124.21.184,27591,HTTP/HTTPS,United States
23.27.75.75,6155,HTTP/HTTPS,United States
166.88.58.12,5737,HTTP/HTTPS,United States
104.207.32.163,3129,HTTP/HTTPS,United States
142.147.132.223,6418,HTTP/HTTPS,United States
192.210.191.126,6112,HTTP/HTTPS,United States
161.123.151.1,5985,HTTP/HTTPS,United States
45.3.34.93,3129,HTTP/HTTPS,United States
173.239.237.122,5768,HTTP/HTTPS,United States
173.211.68.152,6434,HTTP/HTTPS,United States
142.173.62.38,22621,HTTP/HTTPS,United States
192.227.131.241,6825,HTTP/HTTPS,United States
170.124.21.204,27611,HTTP/HTTPS,United States
142.111.48.43,6820,HTTP/HTTPS,United States
199.180.8.158,5869,HTTP/HTTPS,United States
154.6.116.30,5999,HTTP/HTTPS,United States
45.59.161.225,6017,HTTP/HTTPS,United States
216.26.232.208,3129,HTTP/HTTPS,United States
136.0.207.143,6720,HTTP/HTTPS,United States
206.206.119.23,5934,HTTP/HTTPS,United States
172.121.139.138,5317,HTTP/HTTPS,United States
209.50.165.12,3129,HTTP/HTTPS,United States
136.0.117.241,6979,HTTP/HTTPS,United States
185.216.106.28,6105,HTTP/HTTPS,United States
82.22.235.119,6925,HTTP/HTTPS,United States
45.61.127.111,6050,HTTP/HTTPS,United States
23.27.203.180,6915,HTTP/HTTPS,United States
142.111.227.186,6381,HTTP/HTTPS,United States
170.124.21.177,27584,HTTP/HTTPS,United States
45.41.171.233,6269,HTTP/HTTPS,United States
142.173.62.17,22600,HTTP/HTTPS,United States
45.61.116.86,6764,HTTP/HTTPS,United States
173.0.10.236,6412,HTTP/HTTPS,United States
64.64.115.174,5809,HTTP/HTTPS,United States
45.3.48.188,3129,HTTP/HTTPS,United States
142.173.62.2,22585,HTTP/HTTPS,United States
172.120.102.190,6350,HTTP/HTTPS,United States
104.167.19.248,3129,HTTP/HTTPS,United States
136.0.108.153,5829,HTTP/HTTPS,United States
216.26.226.223,3129,HTTP/HTTPS,United States
199.160.203.218,23533,HTTP/HTTPS,United States
45.3.48.51,3129,HTTP/HTTPS,United States
82.23.203.251,5559,HTTP/HTTPS,United States
82.26.218.29,6337,HTTP/HTTPS,United States
172.120.106.173,6328,HTTP/HTTPS,United States
142.173.62.1,22584,HTTP/HTTPS,United States
142.173.62.16,22599,HTTP/HTTPS,United States
136.0.182.50,6120,HTTP/HTTPS,United States
104.232.211.61,5674,HTTP/HTTPS,United States
199.160.203.214,23529,HTTP/HTTPS,United States
64.64.127.71,6024,HTTP/HTTPS,United States
23.27.203.140,6875,HTTP/HTTPS,United States
45.61.125.210,6221,HTTP/HTTPS,United States
142.147.240.233,6755,HTTP/HTTPS,United States
67.227.42.141,6118,HTTP/HTTPS,United States
145.223.58.251,6520,HTTP/HTTPS,United States
45.3.36.130,3129,HTTP/HTTPS,United States
31.57.85.43,5729,HTTP/HTTPS,United States
136.0.184.130,6551,HTTP/HTTPS,United States
107.174.4.31,6000,HTTP/HTTPS,United States
67.227.36.45,6087,HTTP/HTTPS,United States
45.3.38.85,3129,HTTP/HTTPS,United States
198.23.214.197,6464,HTTP/HTTPS,United States
216.26.225.99,3129,HTTP/HTTPS,United States
154.6.115.229,6698,HTTP/HTTPS,United States
216.26.237.250,3129,HTTP/HTTPS,United States
192.198.117.42,7635,HTTP/HTTPS,United States
104.253.77.170,5592,HTTP/HTTPS,United States
67.227.1.21,6302,HTTP/HTTPS,United States
198.46.161.198,5248,HTTP/HTTPS,United States
199.160.205.88,23913,HTTP/HTTPS,United States
179.61.245.100,6879,HTTP/HTTPS,United States
65.111.8.22,3129,HTTP/HTTPS,United States
65.111.10.149,3129,HTTP/HTTPS,United States
206.206.118.93,6331,HTTP/HTTPS,United States
23.94.246.141,8094,HTTP/HTTPS,United States
45.41.169.64,6725,HTTP/HTTPS,United States
154.29.65.253,6361,HTTP/HTTPS,United States
142.173.62.9,22592,HTTP/HTTPS,United States
166.88.85.204,6284,HTTP/HTTPS,United States
170.124.21.124,27531,HTTP/HTTPS,United States
23.94.138.137,6411,HTTP/HTTPS,United States
216.26.237.57,3129,HTTP/HTTPS,United States
161.123.115.252,5273,HTTP/HTTPS,United States
173.214.176.246,6217,HTTP/HTTPS,United States
104.168.25.4,5686,HTTP/HTTPS,United States
104.207.42.251,3129,HTTP/HTTPS,United States
38.154.193.118,5391,HTTP/HTTPS,United States
104.165.66.202,7357,HTTP/HTTPS,United States
45.3.38.211,3129,HTTP/HTTPS,United States
45.61.118.214,5911,HTTP/HTTPS,United States
185.216.106.33,6110,HTTP/HTTPS,United States
104.207.41.104,3129,HTTP/HTTPS,United States
31.57.87.148,5833,HTTP/HTTPS,United States
104.239.107.33,5685,HTTP/HTTPS,United States
136.0.186.134,6495,HTTP/HTTPS,United States
38.154.193.151,5424,HTTP/HTTPS,United States
154.6.87.220,6690,HTTP/HTTPS,United States
89.249.195.188,6943,HTTP/HTTPS,United States
45.41.176.20,6318,HTTP/HTTPS,United States
191.101.181.194,6947,HTTP/HTTPS,United States
45.3.51.199,3129,HTTP/HTTPS,United States
104.239.105.252,6782,HTTP/HTTPS,United States
206.206.118.123,6361,HTTP/HTTPS,United States
142.111.104.250,6260,HTTP/HTTPS,United States
23.27.236.180,6916,HTTP/HTTPS,United States
104.207.44.251,3129,HTTP/HTTPS,United States
136.0.182.88,6158,HTTP/HTTPS,United States
191.101.188.75,6829,HTTP/HTTPS,United States
31.59.18.110,6691,HTTP/HTTPS,United States
45.39.17.242,5665,HTTP/HTTPS,United States
199.160.203.229,23544,HTTP/HTTPS,United States
157.230.190.14,3128,HTTP/HTTPS,United States
81.168.119.85,443,HTTP/HTTPS,United Kingdom
104.194.146.9,80,HTTP/HTTPS,United Kingdom
8.211.194.85,9080,HTTP/HTTPS,United Kingdom
5.181.23.213,8443,HTTP/HTTPS,United Kingdom
45.43.64.79,6337,HTTP/HTTPS,United Kingdom
198.105.122.116,6689,HTTP/HTTPS,United Kingdom
162.220.246.167,6451,HTTP/HTTPS,United Kingdom
149.57.17.30,5498,HTTP/HTTPS,United Kingdom
198.105.122.56,6629,HTTP/HTTPS,United Kingdom
198.105.122.5,6578,HTTP/HTTPS,United Kingdom
162.220.247.65,6660,HTTP/HTTPS,United Kingdom
31.58.18.22,6291,HTTP/HTTPS,United Kingdom
104.143.226.8,5611,HTTP/HTTPS,United Kingdom
155.254.38.253,5929,HTTP/HTTPS,United Kingdom
18.169.141.215,3128,HTTP/HTTPS,United Kingdom
8.211.195.173,1000,HTTP/HTTPS,United Kingdom
31.59.20.252,6830,HTTP/HTTPS,United Kingdom
185.226.204.203,5756,HTTP/HTTPS,United Kingdom
185.226.204.150,5703,HTTP/HTTPS,United Kingdom
104.143.224.187,6048,HTTP/HTTPS,United Kingdom
185.226.204.9,5562,HTTP/HTTPS,United Kingdom
31.59.20.240,6818,HTTP/HTTPS,United Kingdom
155.254.38.152,5828,HTTP/HTTPS,United Kingdom
162.220.246.110,6394,HTTP/HTTPS,United Kingdom
45.43.70.100,6387,HTTP/HTTPS,United Kingdom
45.135.139.216,6519,HTTP/HTTPS,United Kingdom
85.159.88.220,8111,HTTP/HTTPS,United Kingdom
8.211.195.139,1000,HTTP/HTTPS,United Kingdom
45.135.139.11,6314,HTTP/HTTPS,United Kingdom
145.223.46.203,5753,HTTP/HTTPS,United Kingdom
107.181.148.125,5985,HTTP/HTTPS,United Kingdom
145.223.46.224,5774,HTTP/HTTPS,United Kingdom
107.181.148.72,5932,HTTP/HTTPS,United Kingdom
198.105.122.52,6625,HTTP/HTTPS,United Kingdom
104.143.226.99,5702,HTTP/HTTPS,United Kingdom
162.220.247.224,6819,HTTP/HTTPS,United Kingdom
107.181.148.79,5939,HTTP/HTTPS,United Kingdom
31.59.20.111,6689,HTTP/HTTPS,United Kingdom
45.43.81.167,5814,HTTP/HTTPS,United Kingdom
104.143.226.116,5719,HTTP/HTTPS,United Kingdom
149.57.17.171,5639,HTTP/HTTPS,United Kingdom
31.58.18.28,6297,HTTP/HTTPS,United Kingdom
198.105.100.77,6328,HTTP/HTTPS,United Kingdom
146.103.3.113,7166,HTTP/HTTPS,United Kingdom
107.181.154.46,5724,HTTP/HTTPS,United Kingdom
185.226.207.176,5725,HTTP/HTTPS,United Kingdom
31.59.20.248,6826,HTTP/HTTPS,United Kingdom
198.105.111.96,6774,HTTP/HTTPS,United Kingdom
198.105.100.186,6437,HTTP/HTTPS,United Kingdom
185.226.204.10,5563,HTTP/HTTPS,United Kingdom
31.59.33.124,6700,HTTP/HTTPS,United Kingdom
31.59.33.82,6658,HTTP/HTTPS,United Kingdom
198.105.100.156,6407,HTTP/HTTPS,United Kingdom
146.103.56.182,5730,HTTP/HTTPS,United Kingdom
198.105.111.239,6917,HTTP/HTTPS,United Kingdom
162.220.247.87,6682,HTTP/HTTPS,United Kingdom
217.69.121.145,5810,HTTP/HTTPS,United Kingdom
145.223.46.180,5730,HTTP/HTTPS,United Kingdom
149.57.17.102,5570,HTTP/HTTPS,United Kingdom
31.58.18.10,6279,HTTP/HTTPS,United Kingdom
8.211.200.183,80,HTTP/HTTPS,United Kingdom
162.220.246.21,6305,HTTP/HTTPS,United Kingdom
198.105.100.19,6270,HTTP/HTTPS,United Kingdom
31.59.33.126,6702,HTTP/HTTPS,United Kingdom
185.226.204.107,5660,HTTP/HTTPS,United Kingdom
45.150.67.234,3128,HTTP/HTTPS,United Kingdom
198.105.100.50,6301,HTTP/HTTPS,United Kingdom
162.220.247.115,6710,HTTP/HTTPS,United Kingdom
198.105.122.248,6821,HTTP/HTTPS,United Kingdom
149.57.17.199,5667,HTTP/HTTPS,United Kingdom
45.43.64.123,6381,HTTP/HTTPS,United Kingdom
198.105.100.141,6392,HTTP/HTTPS,United Kingdom
31.59.33.25,6601,HTTP/HTTPS,United Kingdom
31.59.20.173,6751,HTTP/HTTPS,United Kingdom
162.220.246.201,6485,HTTP/HTTPS,United Kingdom
107.181.148.34,5894,HTTP/HTTPS,United Kingdom
149.57.17.49,5517,HTTP/HTTPS,United Kingdom
31.59.33.248,6824,HTTP/HTTPS,United Kingdom
104.194.148.204,80,HTTP/HTTPS,United Kingdom
45.43.64.216,6474,HTTP/HTTPS,United Kingdom
45.43.81.127,5774,HTTP/HTTPS,United Kingdom
185.226.204.145,5698,HTTP/HTTPS,United Kingdom
162.220.246.56,6340,HTTP/HTTPS,United Kingdom
31.59.20.12,6590,HTTP/HTTPS,United Kingdom
104.143.226.115,5718,HTTP/HTTPS,United Kingdom
146.103.3.82,7135,HTTP/HTTPS,United Kingdom
162.220.247.45,6640,HTTP/HTTPS,United Kingdom
162.220.246.203,6487,HTTP/HTTPS,United Kingdom
149.57.17.242,5710,HTTP/HTTPS,United Kingdom
45.43.64.62,6320,HTTP/HTTPS,United Kingdom
45.43.81.2,5649,HTTP/HTTPS,United Kingdom
45.43.70.50,6337,HTTP/HTTPS,United Kingdom
31.59.33.167,6743,HTTP/HTTPS,United Kingdom
104.143.226.122,5725,HTTP/HTTPS,United Kingdom
104.143.224.155,6016,HTTP/HTTPS,United Kingdom
31.58.18.242,6511,HTTP/HTTPS,United Kingdom
185.226.204.144,5697,HTTP/HTTPS,United Kingdom
198.105.122.172,6745,HTTP/HTTPS,United Kingdom
45.43.81.173,5820,HTTP/HTTPS,United Kingdom
217.69.121.53,5718,HTTP/HTTPS,United Kingdom
45.168.244.16,8080,HTTP/HTTPS,Brazil
34.87.80.221,30000,HTTP/HTTPS,Singapore
62.133.62.184,1082,HTTP/HTTPS,France
200.227.89.50,3128,HTTP/HTTPS,Brazil
113.160.132.26,8080,HTTP/HTTPS,Vietnam
176.12.65.24,443,HTTP/HTTPS,Russian Federation
91.107.163.9,82,HTTP/HTTPS,Germany
140.245.238.56,53,HTTP/HTTPS,India
82.114.228.67,1080,HTTP/HTTPS,Russian Federation
72.56.238.99,9090,HTTP/HTTPS,United States
91.188.213.143,1080,HTTP/HTTPS,Seychelles
185.230.190.195,3128,HTTP/HTTPS,Finland
185.200.188.234,10001,HTTP/HTTPS,Russian Federation
159.195.49.27,8888,HTTP/HTTPS,Germany
176.99.134.183,8090,HTTP/HTTPS,Russian Federation
170.64.170.204,8080,HTTP/HTTPS,Australia
159.195.69.220,8888,HTTP/HTTPS,Germany
202.28.194.139,31280,HTTP/HTTPS,Thailand
81.90.29.194,10808,HTTP/HTTPS,Iraq
104.152.50.252,8000,HTTP/HTTPS,United States
47.236.86.147,443,HTTP/HTTPS,Singapore
103.43.191.71,8888,HTTP/HTTPS,Singapore
132.243.234.171,9443,HTTP/HTTPS,Netherlands
203.162.13.222,6868,HTTP/HTTPS,Vietnam
93.113.63.11,3128,HTTP/HTTPS,Turkey
14.143.222.113,57748,HTTP/HTTPS,India
150.241.116.167,443,HTTP/HTTPS,United States
47.238.203.170,50000,HTTP/HTTPS,Hong Kong
62.133.62.231,1081,HTTP/HTTPS,France
187.72.215.33,3128,HTTP/HTTPS,Brazil
3.107.232.220,8080,HTTP/HTTPS,Australia
47.83.168.191,4000,HTTP/HTTPS,Hong Kong
45.95.232.35,3128,HTTP/HTTPS,Switzerland
43.161.239.147,8888,HTTP/HTTPS,Hong Kong
149.104.4.88,10809,HTTP/HTTPS,United States
203.162.13.26,6868,HTTP/HTTPS,Vietnam
151.241.234.208,8443,HTTP/HTTPS,Finland
206.189.144.164,10808,HTTP/HTTPS,Singapore
109.120.184.202,1080,HTTP/HTTPS,Finland
147.45.76.207,3128,HTTP/HTTPS,Sweden
49.51.228.35,81,HTTP/HTTPS,United States
172.205.123.178,3128,HTTP/HTTPS,Ireland
43.153.199.126,8888,HTTP/HTTPS,Singapore
199.182.135.85,3128,HTTP/HTTPS,United States
47.79.254.162,8888,HTTP/HTTPS,Singapore
103.69.96.15,8888,HTTP/HTTPS,Vietnam
45.157.140.12,1080,HTTP/HTTPS,Russian Federation
71.198.208.169,443,HTTP/HTTPS,United States
34.43.46.91,80,HTTP/HTTPS,United States
156.232.99.59,10808,HTTP/HTTPS,Seychelles
64.188.77.26,3128,HTTP/HTTPS,Netherlands
54.38.138.60,3128,HTTP/HTTPS,Poland
85.234.100.149,8080,HTTP/HTTPS,Germany
217.154.155.115,8080,HTTP/HTTPS,Germany
8.219.97.248,80,HTTP/HTTPS,Singapore
5.202.120.123,3128,HTTP/HTTPS,Iran
62.133.62.187,1081,HTTP/HTTPS,France
85.92.108.2,3128,HTTP/HTTPS,Russian Federation
149.28.87.103,8888,HTTP/HTTPS,United States
92.118.112.32,1082,HTTP/HTTPS,United States
47.74.226.8,5001,HTTP/HTTPS,Singapore
94.198.218.123,3128,HTTP/HTTPS,Russian Federation
178.156.224.42,3128,HTTP/HTTPS,United States
203.175.126.229,8000,HTTP/HTTPS,Indonesia
110.49.66.210,8080,HTTP/HTTPS,Thailand
123.58.219.150,7890,HTTP/HTTPS,Hong Kong
92.119.127.211,6005,HTTP/HTTPS,France
34.84.162.206,38080,HTTP/HTTPS,Japan
157.180.84.115,443,HTTP/HTTPS,Finland
65.108.203.35,28080,HTTP/HTTPS,Finland
216.106.179.216,49152,HTTP/HTTPS,United States
138.197.68.35,4857,HTTP/HTTPS,United States
147.102.16.32,8080,HTTP/HTTPS,Greece
5.161.50.82,8118,HTTP/HTTPS,United States
46.8.112.212,3128,HTTP/HTTPS,Netherlands
103.167.61.162,3128,HTTP/HTTPS,Hong Kong
62.133.62.12,1081,HTTP/HTTPS,France
194.26.192.168,8080,HTTP/HTTPS,Netherlands
154.89.148.25,443,HTTP/HTTPS,Seychelles
92.119.127.208,6005,HTTP/HTTPS,France
103.82.23.118,5259,HTTP/HTTPS,Vietnam
202.49.176.24,2080,HTTP/HTTPS,Russian Federation
191.252.111.160,7000,HTTP/HTTPS,Brazil
65.108.159.129,8081,HTTP/HTTPS,Finland
117.236.124.166,3128,HTTP/HTTPS,India
173.212.245.136,8888,HTTP/HTTPS,France
8.215.25.3,2080,HTTP/HTTPS,Indonesia
92.119.164.84,1100,HTTP/HTTPS,Germany
171.245.67.253,1001,HTTP/HTTPS,Vietnam
89.105.153.140,3128,HTTP/HTTPS,Russian Federation
135.125.154.102,8899,HTTP/HTTPS,France
144.91.121.61,3129,HTTP/HTTPS,France
160.20.39.3,3125,HTTP/HTTPS,Indonesia
80.72.176.54,8080,HTTP/HTTPS,Kyrgyzstan
47.89.184.18,3128,HTTP/HTTPS,United States
72.56.107.247,80,HTTP/HTTPS,United States
182.53.202.208,8080,HTTP/HTTPS,Thailand
62.133.62.3,1082,HTTP/HTTPS,France
125.209.110.83,39617,HTTP/HTTPS,Pakistan
190.2.145.103,3128,HTTP/HTTPS,Netherlands
45.168.244.16,8080,HTTP/HTTPS,Brazil
34.87.80.221,30000,HTTP/HTTPS,Singapore
62.133.62.184,1082,HTTP/HTTPS,France
200.227.89.50,3128,HTTP/HTTPS,Brazil
113.160.132.26,8080,HTTP/HTTPS,Vietnam
176.12.65.24,443,HTTP/HTTPS,Russian Federation
91.107.163.9,82,HTTP/HTTPS,Germany
140.245.238.56,53,HTTP/HTTPS,India
82.114.228.67,1080,HTTP/HTTPS,Russian Federation
72.56.238.99,9090,HTTP/HTTPS,United States
91.188.213.143,1080,HTTP/HTTPS,Seychelles
185.230.190.195,3128,HTTP/HTTPS,Finland
185.200.188.234,10001,HTTP/HTTPS,Russian Federation
5.45.126.128,8080,HTTP/HTTPS,Estonia
159.195.49.27,8888,HTTP/HTTPS,Germany
34.44.49.215,80,HTTP/HTTPS,United States
176.99.134.183,8090,HTTP/HTTPS,Russian Federation
170.64.170.204,8080,HTTP/HTTPS,Australia
159.195.69.220,8888,HTTP/HTTPS,Germany
147.78.0.81,9443,HTTP/HTTPS,United Arab Emirates
202.28.194.139,31280,HTTP/HTTPS,Thailand
212.231.191.23,80,HTTP/HTTPS,Spain
185.173.144.152,1080,HTTP/HTTPS,United Arab Emirates
109.236.88.82,80,HTTP/HTTPS,Netherlands
81.90.29.194,10808,HTTP/HTTPS,Iraq
201.140.185.41,8081,HTTP/HTTPS,Mexico
104.152.50.252,8000,HTTP/HTTPS,United States
108.161.135.118,80,HTTP/HTTPS,United States
202.133.88.173,80,HTTP/HTTPS,France
51.178.253.98,80,HTTP/HTTPS,France
91.107.182.124,82,HTTP/HTTPS,Germany
154.65.39.7,80,HTTP/HTTPS,Senegal
47.236.86.147,443,HTTP/HTTPS,Singapore
37.187.74.125,80,HTTP/HTTPS,France
103.65.237.92,5678,HTTP/HTTPS,Indonesia
174.138.119.88,80,HTTP/HTTPS,United States
175.101.240.38,80,HTTP/HTTPS,India
143.42.66.91,80,HTTP/HTTPS,Singapore
159.65.245.255,80,HTTP/HTTPS,United States
139.99.237.62,80,HTTP/HTTPS,Australia
152.32.132.190,7890,HTTP/HTTPS,Hong Kong
46.249.100.124,80,HTTP/HTTPS,Germany
172.237.73.24,80,HTTP/HTTPS,Singapore
219.93.101.62,80,HTTP/HTTPS,Malaysia
219.93.101.60,80,HTTP/HTTPS,Malaysia
219.93.101.63,80,HTTP/HTTPS,Malaysia
46.47.197.210,3128,HTTP/HTTPS,Russian Federation
219.65.73.81,80,HTTP/HTTPS,India
197.221.249.196,80,HTTP/HTTPS,Zimbabwe
197.221.240.240,80,HTTP/HTTPS,Zimbabwe
197.221.249.198,80,HTTP/HTTPS,Zimbabwe
41.220.16.208,80,HTTP/HTTPS,Zimbabwe
103.43.191.71,8888,HTTP/HTTPS,Singapore
222.228.194.131,8080,HTTP/HTTPS,Japan
12.50.107.217,80,HTTP/HTTPS,United States
170.82.194.134,3128,HTTP/HTTPS,Brazil
2.59.132.39,3128,HTTP/HTTPS,Germany
81.168.119.85,443,HTTP/HTTPS,United Kingdom
12.50.107.220,80,HTTP/HTTPS,United States
132.243.234.171,9443,HTTP/HTTPS,Netherlands
65.109.65.239,18080,HTTP/HTTPS,Finland
203.162.13.222,6868,HTTP/HTTPS,Vietnam
115.127.95.82,8080,HTTP/HTTPS,Bangladesh
12.50.107.219,80,HTTP/HTTPS,United States
138.91.159.185,80,HTTP/HTTPS,United States
93.113.63.11,3128,HTTP/HTTPS,Turkey
80.74.54.148,3128,HTTP/HTTPS,Germany
103.185.250.142,1452,HTTP/HTTPS,Bangladesh
0.0.0.0,80,HTTP/HTTPS,Unknown
52.34.243.150,8080,HTTP/HTTPS,United States
181.16.201.37,80,HTTP/HTTPS,Argentina
14.143.222.113,57748,HTTP/HTTPS,India
183.110.216.159,8090,HTTP/HTTPS,South Korea
197.221.240.178,80,HTTP/HTTPS,Zimbabwe
154.65.39.8,80,HTTP/HTTPS,Senegal
212.47.232.28,80,HTTP/HTTPS,France
13.114.160.78,80,HTTP/HTTPS,Japan
150.241.116.167,443,HTTP/HTTPS,United States
41.59.90.170,80,HTTP/HTTPS,Tanzania
47.238.203.170,50000,HTTP/HTTPS,Hong Kong
201.222.50.218,80,HTTP/HTTPS,Paraguay
62.133.62.231,1081,HTTP/HTTPS,France
187.72.215.33,3128,HTTP/HTTPS,Brazil
3.107.232.220,8080,HTTP/HTTPS,Australia
147.231.163.133,80,HTTP/HTTPS,Czech Republic
203.99.240.182,80,HTTP/HTTPS,Japan
190.58.248.86,80,HTTP/HTTPS,Trinidad and Tobago
12.50.107.222,80,HTTP/HTTPS,United States
47.83.168.191,4000,HTTP/HTTPS,Hong Kong
12.50.107.221,80,HTTP/HTTPS,United States
45.95.232.35,3128,HTTP/HTTPS,Switzerland
43.161.239.147,8888,HTTP/HTTPS,Hong Kong
41.59.90.171,80,HTTP/HTTPS,Tanzania
149.104.4.88,10809,HTTP/HTTPS,United States
203.162.13.26,6868,HTTP/HTTPS,Vietnam
151.241.234.208,8443,HTTP/HTTPS,Finland
219.249.37.107,8382,HTTP/HTTPS,South Korea
41.220.16.209,80,HTTP/HTTPS,Zimbabwe
163.172.53.142,80,HTTP/HTTPS,France
206.189.144.164,10808,HTTP/HTTPS,Singapore
85.214.107.177,80,HTTP/HTTPS,Germany
109.120.184.202,1080,HTTP/HTTPS,Finland
147.45.76.207,3128,HTTP/HTTPS,Sweden
34.96.238.40,8080,HTTP/HTTPS,Hong Kong
49.51.228.35,81,HTTP/HTTPS,United States
172.205.123.178,3128,HTTP/HTTPS,Ireland
43.153.199.126,8888,HTTP/HTTPS,Singapore
199.182.135.85,3128,HTTP/HTTPS,United States
194.14.207.87,80,HTTP/HTTPS,Sweden
47.79.254.162,8888,HTTP/HTTPS,Singapore
62.133.62.249,1082,HTTP/HTTPS,France
103.69.96.15,8888,HTTP/HTTPS,Vietnam
158.180.19.230,1080,HTTP/HTTPS,Germany
62.201.217.243,40010,HTTP/HTTPS,Iraq
45.157.140.12,1080,HTTP/HTTPS,Russian Federation
71.198.208.169,443,HTTP/HTTPS,United States
213.21.254.26,1081,HTTP/HTTPS,Sweden
103.151.20.131,80,HTTP/HTTPS,Indonesia
127.0.0.7,80,HTTP/HTTPS,Unknown
97.74.87.226,80,HTTP/HTTPS,Singapore
196.1.97.198,80,HTTP/HTTPS,Senegal
27.34.242.98,80,HTTP/HTTPS,India
197.221.237.248,80,HTTP/HTTPS,Zimbabwe
34.43.46.91,80,HTTP/HTTPS,United States
197.221.249.199,80,HTTP/HTTPS,Zimbabwe
213.33.126.130,80,HTTP/HTTPS,Austria
156.232.99.59,10808,HTTP/HTTPS,Seychelles
197.221.249.197,80,HTTP/HTTPS,Zimbabwe
64.188.77.26,3128,HTTP/HTTPS,Netherlands
54.38.138.60,3128,HTTP/HTTPS,Poland
32.223.6.94,80,HTTP/HTTPS,United States
85.234.100.149,8080,HTTP/HTTPS,Germany
202.169.250.148,8111,HTTP/HTTPS,Indonesia
200.125.169.51,999,HTTP/HTTPS,Dominican Republic
45.229.17.74,999,HTTP/HTTPS,Ecuador
217.154.155.115,8080,HTTP/HTTPS,Germany
65.108.203.37,28080,HTTP/HTTPS,Finland
103.149.118.51,8080,HTTP/HTTPS,Indonesia
144.31.73.173,3128,HTTP/HTTPS,Germany
38.127.172.219,37234,HTTP/HTTPS,United States
180.211.93.111,8080,HTTP/HTTPS,Indonesia
104.194.146.9,80,HTTP/HTTPS,United Kingdom
47.251.74.38,199,HTTP/HTTPS,United States
62.60.149.161,3128,HTTP/HTTPS,Sweden
47.89.159.212,8123,HTTP/HTTPS,United States
43.160.249.13,9223,HTTP/HTTPS,Singapore
8.219.97.248,80,HTTP/HTTPS,Singapore
5.202.120.123,3128,HTTP/HTTPS,Iran
62.133.62.187,1081,HTTP/HTTPS,France
85.92.108.2,3128,HTTP/HTTPS,Russian Federation
149.28.87.103,8888,HTTP/HTTPS,United States
92.118.112.32,1082,HTTP/HTTPS,United States
47.74.226.8,5001,HTTP/HTTPS,Singapore
94.198.218.123,3128,HTTP/HTTPS,Russian Federation
178.156.224.42,3128,HTTP/HTTPS,United States
203.175.126.229,8000,HTTP/HTTPS,Indonesia
45.148.116.18,28080,HTTP/HTTPS,Switzerland
197.221.240.176,80,HTTP/HTTPS,Zimbabwe
175.139.233.79,80,HTTP/HTTPS,Malaysia
217.25.228.102,8888,HTTP/HTTPS,Russian Federation
103.92.218.121,9514,HTTP/HTTPS,Bangladesh
31.28.4.192,80,HTTP/HTTPS,Russian Federation
207.246.234.115,4669,HTTP/HTTPS,United States
85.214.204.79,80,HTTP/HTTPS,Germany
162.240.19.30,80,HTTP/HTTPS,United States
110.49.66.210,8080,HTTP/HTTPS,Thailand
176.61.151.123,80,HTTP/HTTPS,Portugal
47.250.11.111,9080,HTTP/HTTPS,Malaysia
183.110.216.128,8090,HTTP/HTTPS,South Korea
174.137.134.182,2999,HTTP/HTTPS,United States
123.58.219.150,7890,HTTP/HTTPS,Hong Kong
193.187.90.54,8118,HTTP/HTTPS,Sweden
181.129.183.19,53281,HTTP/HTTPS,Colombia
47.245.117.43,80,HTTP/HTTPS,Singapore
196.204.83.229,1981,HTTP/HTTPS,Egypt
204.48.29.137,3129,HTTP/HTTPS,United States
193.29.224.20,3128,HTTP/HTTPS,Finland
54.38.139.182,3128,HTTP/HTTPS,Poland
8.213.222.157,80,HTTP/HTTPS,Thailand
103.94.52.70,3128,HTTP/HTTPS,Myanmar
64.188.77.221,3128,HTTP/HTTPS,Netherlands
197.221.240.247,80,HTTP/HTTPS,Zimbabwe
92.119.127.211,6005,HTTP/HTTPS,France
34.84.162.206,38080,HTTP/HTTPS,Japan
157.180.84.115,443,HTTP/HTTPS,Finland
103.30.211.34,80,HTTP/HTTPS,Australia
178.156.206.253,8118,HTTP/HTTPS,United States
94.158.49.82,3128,HTTP/HTTPS,Uzbekistan
47.251.87.199,20000,HTTP/HTTPS,United States
197.255.126.69,80,HTTP/HTTPS,Ghana
65.108.203.35,28080,HTTP/HTTPS,Finland
216.106.179.216,49152,HTTP/HTTPS,United States
138.197.68.35,4857,HTTP/HTTPS,United States
24.102.236.218,8888,HTTP/HTTPS,United States
114.6.27.84,8520,HTTP/HTTPS,Indonesia
133.232.93.66,80,HTTP/HTTPS,Japan
199.203.152.99,8111,HTTP/HTTPS,Israel
138.68.235.51,80,HTTP/HTTPS,United States
47.91.29.151,8080,HTTP/HTTPS,Japan
8.213.134.213,8083,HTTP/HTTPS,South Korea
